Tier,CarName,FileName,NUUB,MSOU,ESUP
TIER_1,Abarth_500_2014,T1_1_27_20_7_0.txt,35,202460,true
TIER_1,Ford_F150SVTRaptorElite_2014,T1_3_32_16_16_0.txt,35,300900,true
TIER_1,Ford_FiestaST_2016,T1_1_27_20_7_0.txt,35,202460,true
TIER_1,Ford_FocusSTCrewRecycled_2014,T1_2_32_23_9_0.txt,35,300900,true
TIER_1,Ford_FocusSTCrew_2014,T1_3_32_16_16_0.txt,35,300900,true
TIER_1,Ford_Mustang302_1970,T1_3_39_18_15_9.txt,35,224200,true
TIER_1,Honda_Civic15VTECCrewRecycled_1994,T1_2_32_23_9_0.txt,35,300900,true
TIER_1,Honda_Civic15VTECCrew_1994,T1_3_32_16_16_0.txt,35,300900,true
TIER_1,Hyundai_VelosterTurboRSpecCrew_2014,T1_3_32_16_16_0.txt,35,300900,true
TIER_1,Hyundai_VelosterTurboRSpec_2014,T1_1_27_20_7_0.txt,35,202460,true
TIER_1,Mazda_MX5_2016,T1_2_32_23_9_0.txt,35,300900,true
TIER_1,Mini_CooperSElite_2014,T1_3_32_16_16_0.txt,35,300900,true
TIER_1,Mini_CooperS_2014,T1_1_27_20_7_0.txt,35,202460,true
TIER_1,Mystery_CarSCS_1234,empty.txt,0,0,false
TIER_1,Mystery_Car_1234,empty.txt,0,0,false
TIER_1,Placeholder_CoveredCar_1234,empty.txt,0,0,false
TIER_1,Toyota_86_2014,T1_1_27_20_7_0.txt,35,202460,true
TIER_1,Volkswagen_GolfGTICrewRecycled_1982,T1_2_32_23_9_0.txt,35,300900,true
TIER_1,Volkswagen_GolfGTICrew_1982,T1_3_32_16_16_0.txt,35,300900,true
TIER_1,Volkswagen_GolfGTIElite_2014,T1_3_32_16_16_0.txt,35,300900,true
TIER_1,Volkswagen_GolfGTI_2014,T1_1_27_20_7_0.txt,35,202460,true
TIER_2,AlfaRomeo_4CCoupeCrewRecycled_2013,T2_2_60_28_24_8.txt,35,507300,true
TIER_2,AlfaRomeo_4CCoupeCrew_2013,T2_3_67_22_33_12.txt,35,507300,true
TIER_2,AlfaRomeo_4CSpider_2016,T2_1_51_25_18_8.txt,35,507300,true
TIER_2,Alpine_A110_2018,T2_3_60_28_24_8.txt,35,507300,true
TIER_2,AstonMartin_DB5Classic_1964,T2_3_67_24_29_14.txt,35,507300,true
TIER_2,Audi_TTRSPlusCoupe_2014,T2_1_51_25_18_8.txt,35,507300,true
TIER_2,BMW_M235iCoupe_2014,T2_3_67_26_29_12.txt,35,507300,true
TIER_2,BMW_Z4MCoupeCrew_2006,T2_3_67_22_33_12.txt,35,507300,true
TIER_2,Ferrari_250GTOClassic_1962,T2_3_67_24_29_14.txt,35,507300,true
TIER_2,Ford_F150SVTRaptor_2014,T2_3_67_28_31_8.txt,35,507300,true
TIER_2,Ford_FocusRSElite_2017,T2_3_67_22_33_12.txt,35,507300,true
TIER_2,Ford_FocusRS_2017,T2_1_51_25_18_8.txt,35,507300,true
TIER_2,Honda_CivicTypeRElite_2017,T2_3_67_22_33_12.txt,35,507300,true
TIER_2,Honda_CivicTypeR_2017,T2_3_60_28_24_8.txt,35,507300,true
TIER_2,Hyundai_VelosterTurboRSpecARK_2014,T2_2_60_28_24_8.txt,35,507300,true
TIER_2,Landrover_RangeRoverEvoqueCoupeCrewRecycled_2016,T2_2_60_28_24_8.txt,35,507300,true
TIER_2,Landrover_RangeRoverEvoqueCoupeCrew_2016,T2_3_67_22_33_12.txt,35,507300,true
TIER_2,Lotus_Exige360CupCrewRecycled_2016,T2_2_60_28_24_8.txt,35,507300,true
TIER_2,Lotus_Exige360CupCrew_2016,T2_3_67_22_33_12.txt,35,507300,true
TIER_2,Lotus_ExigeLF1_2014,T2_2_60_28_24_8.txt,35,507300,true
TIER_2,Lotus_ExigeS_2014,T2_1_51_25_18_8.txt,35,507300,true
TIER_2,Mazda_PandeMMX5_2016,T2_3_60_28_24_8.txt,35,507300,true
TIER_2,MercedesBenz_300SLClassic_1954,T2_3_67_24_29_14.txt,35,507300,true
TIER_2,MercedesBenz_A45AMGElite_2014,T2_3_67_22_33_12.txt,35,507300,true
TIER_2,MercedesBenz_A45AMG_2014,T2_2_60_28_24_8.txt,35,507300,true
TIER_2,Mini_CooperJCWGP_2020,T2_3_60_28_24_8.txt,35,507300,true
TIER_2,Porsche_718BoxsterS_2017,T2_1_51_25_18_8.txt,35,507300,true
TIER_2,Subaru_ImprezaWRXSTI_2014,T2_1_51_25_18_8.txt,35,507300,true
TIER_2,Toyota_86Boss_2014,T2_3_45_32_15_7.txt,35,507300,true
TIER_2,Volkswagen_RocketBunnyGolfGTI_2014,T2_3_60_28_24_8.txt,35,507300,true
TIER_2,Volkswagen_SciroccoR_2015,T2_1_51_25_18_8.txt,35,507300,true
TIER_3,AlfaRomeo_GiuliaQuadrifoglio_2017,T3_3_77_36_26_15.txt,35,1496200,true
TIER_3,Audi_LBRS5CoupeElite_2014,T3_4_84_29_36_19.txt,35,1496200,true
TIER_3,Audi_LBRS5Coupe_2014,T3_3_77_36_26_15.txt,35,1496200,true
TIER_3,Audi_RS5CoupeRewardRecycled_2020,T3_4_77_36_26_15.txt,35,1496200,true
TIER_3,Audi_RS5CoupeReward_2020,T3_4_84_29_36_19.txt,35,1496200,true
TIER_3,Audi_RS5Coupe_2014,T3_4_84_34_31_19.txt,35,1202200,true
TIER_3,BMW_ACSchnitzerM2Coupe_2016,T3_4_77_36_26_15.txt,35,1496200,true
TIER_3,BMW_ACSchnitzerZ4_2019,T3_4_77_36_26_15.txt,35,1496200,true
TIER_3,BMW_LBM4CoupeCrewRecycled_2014,T3_3_77_36_26_15.txt,35,1496200,true
TIER_3,BMW_LBM4CoupeCrew_2014,T3_4_84_29_36_19.txt,35,1496200,true
TIER_3,BMW_M2Competition_2018,T3_3_77_36_26_15.txt,35,1496200,true
TIER_3,BMW_M2CoupeG87RewardRecycled_2023,T3_3_77_36_26_15.txt,35,1496200,true
TIER_3,BMW_M2CoupeG87Reward_2023,T3_4_84_29_36_19.txt,35,1496200,true
TIER_3,BMW_M2G87MPerformance_2023,T3_4_84_29_36_19.txt,35,1496200,true
TIER_3,BMW_M3E92CoupeGTSElite_2011,T3_4_84_29_36_19.txt,35,1496200,true
TIER_3,BMW_M3E92CoupeGTSRewardRecycled_2011,T3_4_77_36_26_15.txt,35,1496200,true
TIER_3,BMW_M3E92CoupeGTSReward_2011,T3_4_84_29_36_19.txt,35,1496200,true
TIER_3,BMW_M3TouringRewardRecycled_2022 ,T3_4_77_36_26_15.txt,35,1496200,true
TIER_3,BMW_M3TouringReward_2022,T3_4_84_29_36_19.txt,35,1496200,true
TIER_3,BMW_M4CoupeMPerformance_2021,T3_4_84_29_36_19.txt,35,1496200,true
TIER_3,BMW_M4CoupeRewardRecycled_2021,T3_4_77_36_26_15.txt,35,1496200,true
TIER_3,BMW_M4CoupeReward_2021,T3_4_84_29_36_19.txt,35,1496200,true
TIER_3,BMW_M4Coupe_2014,T3_2_66_32_21_13.txt,35,1496200,true
TIER_3,BMW_RBM3E92RewardRecycled_2011,T3_5_77_36_26_15.txt,35,1496200,true
TIER_3,BMW_RBM3E92Reward_2011,T3_5_84_29_36_19.txt,35,1496200,true
TIER_3,BMW_Z4_2019,T3_3_77_36_26_15.txt,35,1496200,true
TIER_3,Chevrolet_AlphaSixCamaroSSCrewRecycled_2016,T3_3_77_36_26_15.txt,35,1496200,true
TIER_3,Chevrolet_AlphaSixCamaroSSCrew_2016,T3_4_84_29_36_19.txt,35,1496200,true
TIER_3,Chevrolet_CamaroSS_2016,T3_4_84_34_31_19.txt,35,1202200,true
TIER_3,Chevrolet_CorvetteGrandSport_2017,T3_4_84_29_36_19.txt,35,1496200,true
TIER_3,Chevrolet_CorvetteStingray_2015,T3_2_66_32_21_13.txt,35,1496200,true
TIER_3,Chevrolet_CorvetteZR1Classic_1970,T3_4_84_31_34_19.txt,35,1202200,true
TIER_3,Dodge_ChallengerSRTHellcatRewardRecycled_2015,T3_4_77_36_26_15.txt,35,1496200,true
TIER_3,Dodge_ChallengerSRTHellcatReward_2015,T3_4_84_29_36_19.txt,35,1496200,true
TIER_3,Dodge_ChallengerSRTHellcat_2015,T3_4_84_34_31_19.txt,35,1202200,true
TIER_3,Dodge_ChargerRTCrew_1969,T3_4_84_29_36_19.txt,35,1496200,true
TIER_3,Ferrari_California30RewardRecycled_2012,T3_4_77_36_26_15.txt,35,1496200,true
TIER_3,Ferrari_California30Reward_2012,T3_4_84_29_36_19.txt,35,1496200,true
TIER_3,Ford_MustangGTPremiumElite_2015,T3_4_84_29_36_19.txt,35,1496200,true
TIER_3,Ford_MustangGTPremium_2015,T3_4_84_34_31_19.txt,35,1202200,true
TIER_3,Ford_MustangGT_2024,T3_5_77_36_26_15.txt,35,1496200,true
TIER_3,Ford_MustangMach1_2021,T3_4_77_36_26_15.txt,35,1496200,true
TIER_3,Honda_CivicTypeRVaris_2017,T3_4_84_36_33_15.txt,35,1202200,true
TIER_3,Hyundai_ElantraNRewardRecycled_2022,T3_3_77_36_26_15.txt,35,1496200,true
TIER_3,Hyundai_ElantraNReward_2022,T3_3_84_36_33_15.txt,35,1496200,true
TIER_3,Kia_StingerGTS_2020,T3_4_77_36_26_15.txt,35,1496200,true
TIER_3,LocalMotor_RallyFighterF8_2013,T3_4_84_29_36_19.txt,35,1496200,true
TIER_3,LocalMotor_RallyFighter_2013,T3_3_84_36_33_15.txt,35,1496200,true
TIER_3,MercedesBenz_C63AMGEdition507_2014,T3_3_84_36_33_15.txt,35,1496200,true
TIER_3,MercedesBenz_CLA45AMGShootingBrakeBoss_2015,T3_3_59_29_19_11.txt,35,1496200,true
TIER_3,Nissan_ProtoZ_2020,T3_4_77_36_26_15.txt,35,1496200,true
TIER_3,Nissan_SilviaS15CrewRecycled_1999,T3_3_77_36_26_15.txt,35,1496200,true
TIER_3,Nissan_SilviaS15Crew_1999,T3_4_84_29_36_19.txt,35,1496200,true
TIER_3,Pontiac_GTOTheJudgeClassic_1969,T3_4_84_31_34_19.txt,35,1202200,true
TIER_3,Porsche_718BoxsterSpyder_2020,T3_4_77_36_26_15.txt,35,1496200,true
TIER_3,Porsche_718CaymanGT4_2020,T3_4_77_36_26_15.txt,35,1496200,true
TIER_3,Porsche_CaymanGT4Salzburg_2016,T3_4_84_29_36_19.txt,35,1496200,true
TIER_3,Porsche_CaymanGT4_2016,T3_3_77_36_26_15.txt,35,1496200,true
TIER_3,Porsche_VorsteinerGT4VCS_2016,T3_3_77_36_26_15.txt,35,1496200,true
TIER_3,Shelby_Cobra427SCClassic_1965,T3_4_84_31_34_19.txt,35,1202200,true
TIER_3,Subaru_BRZF8_2013,T3_4_84_29_36_19.txt,35,1496200,true
TIER_3,Subaru_BRZRocketBunnyVIP_2013,T3_3_77_36_26_15.txt,35,1496200,true
TIER_3,Subaru_BRZRocketBunny_2013,T3_3_77_36_26_15.txt,35,1496200,true
TIER_3,Toyota_GRSupra_2020,T3_4_77_36_26_15.txt,35,1496200,true
TIER_4,Acura_NSXF9_2018,T4_5_98_29_40_29.txt,35,3009000,true
TIER_4,AlfaRomeo_8CCompetizione_2007,T4_5_98_29_40_29.txt,35,3009000,true
TIER_4,AlfaRomeo_8CSpiderRewardRecycled_2009,T4_5_91_36_32_23.txt,35,3009000,true
TIER_4,AlfaRomeo_8CSpiderReward_2009,T4_5_98_29_40_29.txt,35,3009000,true
TIER_4,AlfaRomeo_GiuliaGTAmRewardRecycled_2021,T4_5_91_36_32_23.txt,35,3009000,true
TIER_4,AlfaRomeo_GiuliaGTAmReward_2021,T4_5_98_29_40_29.txt,35,3009000,true
TIER_4,AstonMartin_DBX707RewardRecycled_2023,T5_5_135_36_50_49.txt,35,3009000,true
TIER_4,AstonMartin_DBX707Reward_2023,T4_5_98_29_40_29.txt,35,3009000,true
TIER_4,AstonMartin_DBXRewardRecycled_2019,T4_5_91_36_32_23.txt,35,3009000,true
TIER_4,AstonMartin_DBXReward_2019,T4_5_98_29_40_29.txt,35,3009000,true
TIER_4,AstonMartin_Vanquish_2014,T4_3_78_34_25_19.txt,35,2024600,true
TIER_4,AstonMartin_VantageRoadsterRewardRecycled_2021,T4_5_91_36_32_23.txt,35,3009000,true
TIER_4,AstonMartin_VantageRoadsterReward_2021,T4_5_98_29_40_29.txt,35,3009000,true
TIER_4,AstonMartin_VantageV8RewardRecycled_2018,T4_5_98_36_39_23.txt,35,3009000,true
TIER_4,AstonMartin_VantageV8Reward_2018,T4_4_98_29_40_29.txt,35,3009000,true
TIER_4,Audi_ABTRS6RRewardRecycled_2020,T4_5_91_36_32_23.txt,35,3009000,true
TIER_4,Audi_ABTRS6RReward_2020,T4_5_98_29_40_29.txt,35,3009000,true
TIER_4,Audi_ABTRS7RRewardRecycled_2020,T4_5_91_36_32_23.txt,35,5979000,true
TIER_4,Audi_ABTRS7RReward_2020,T4_5_98_29_40_29.txt,35,5979000,true
TIER_4,Audi_LBR8V10PlusCoupeElite_2014,T4_5_98_29_40_29.txt,35,3009000,true
TIER_4,Audi_LBR8V10PlusCoupeRewardRecycled_2014,T4_5_91_36_32_23.txt,35,3009000,true
TIER_4,Audi_LBR8V10PlusCoupeReward_2014,T4_5_98_29_40_29.txt,35,3009000,true
TIER_4,Audi_R8V10PlusCoupe_2014,T4_3_78_34_25_19.txt,35,2024600,true
TIER_4,Audi_RS6AvantRewardRecycled_2020,T4_5_91_36_32_23.txt,35,3009000,true
TIER_4,Audi_RS6AvantReward_2020,T4_5_98_29_40_29.txt,35,3009000,true
TIER_4,Audi_RS7SportbackRewardRecycled_2020,T4_5_91_36_32_23.txt,35,3009000,true
TIER_4,Audi_RS7SportbackReward_2020,T4_5_98_29_40_29.txt,35,3009000,true
TIER_4,BMW_LBi8RewardRecycled_2017,T4_5_91_36_32_23.txt,35,3009000,true
TIER_4,BMW_LBi8Reward_2017,T4_5_98_29_40_29.txt,35,3009000,true
TIER_4,BMW_M4CSLRewardRecycled_2022,T4_5_91_36_32_23.txt,35,3009000,true
TIER_4,BMW_M4CSLReward_2022,T4_5_98_29_40_29.txt,35,3009000,true
TIER_4,BMW_M4GTS_2016,T4_5_91_36_32_23.txt,35,3009000,true
TIER_4,BMW_M5CSRewardRecycled_2022,T4_5_91_36_32_23.txt,35,3009000,true
TIER_4,BMW_M5CSReward_2022,T4_5_98_29_40_29.txt,35,3009000,true
TIER_4,BMW_M5CompetitionRewardRecycled_2019,T4_5_91_36_32_23.txt,35,3009000,true
TIER_4,BMW_M5CompetitionReward_2019,T4_5_98_29_40_29.txt,35,3009000,true
TIER_4,BMW_VarisM4GTSRewardRecycled_2016,T4_5_98_36_39_23.txt,35,3009000,true
TIER_4,BMW_VarisM4GTSReward_2016,T4_5_98_29_40_29.txt,35,3009000,true
TIER_4,BMW_i8Elite_2017,T4_5_98_29_40_29.txt,35,3009000,true
TIER_4,BMW_i8RewardHoliday_2017,T4_5_98_29_40_29.txt,35,3009000,true
TIER_4,BMW_i8RewardRecycled_2017,T4_5_91_36_32_23.txt,35,3009000,true
TIER_4,BMW_i8RewardSilver_2017,T4_5_91_36_32_23.txt,35,3009000,true
TIER_4,BMW_i8Reward_2017,T4_5_98_29_40_29.txt,35,3009000,true
TIER_4,Bentley_BentaygaRewardRecycled_2018,T4_4_91_36_32_23.txt,35,3009000,true
TIER_4,Bentley_BentaygaReward_2018,T4_4_98_29_40_29.txt,35,3009000,true
TIER_4,Bentley_ContinentalGTV8SF8_2014,T4_5_98_29_40_29.txt,35,3009000,true
TIER_4,Cadillac_CT5VBlackwingRewardRecycled_2022,T4_5_91_36_32_23.txt,35,3009000,true
TIER_4,Cadillac_CT5VBlackwingReward_2022,T4_5_98_29_40_29.txt,35,3009000,true
TIER_4,Cadillac_CTSVRewardRecycled_2017,T4_5_98_36_39_23.txt,35,3009000,true
TIER_4,Cadillac_CTSVReward_2017,T4_5_98_29_40_29.txt,35,3009000,true
TIER_4,Chevrolet_CamaroZ28ASC_2015,T4_5_91_36_32_23.txt,35,3009000,true
TIER_4,Chevrolet_CamaroZ28_2015,T4_5_91_36_32_23.txt,35,3009000,true
TIER_4,Chevrolet_CamaroZL1CrewRecycled_2017,T4_4_91_36_32_23.txt,35,3009000,true
TIER_4,Chevrolet_CamaroZL1Crew_2017,T4_5_98_29_40_29.txt,35,3009000,true
TIER_4,Chevrolet_CorvetteC7REditionRewardRecycled_2015,T4_4_91_36_32_23.txt,35,3009000,true
TIER_4,Chevrolet_CorvetteC7REditionReward_2015,T4_4_98_29_40_29.txt,35,3009000,true
TIER_4,Chevrolet_CorvetteC8Convertible_2020,T4_5_98_29_40_29.txt,35,3009000,true
TIER_4,Chevrolet_CorvetteC8RewardRecycled_2020,T4_5_98_36_39_23.txt,35,3009000,true
TIER_4,Chevrolet_CorvetteC8Reward_2020,T4_4_91_36_32_23.txt,35,3009000,true
TIER_4,Chevrolet_CorvetteStingRayC2F8_1966,T4_5_98_29_40_29.txt,35,3009000,true
TIER_4,Chevrolet_RBCorvetteC8StingrayRewardRecycled_2020,T4_5_91_36_32_23.txt,35,3009000,true
TIER_4,Chevrolet_RBCorvetteC8StingrayReward_2020,T4_5_98_29_40_29.txt,35,3009000,true
TIER_4,Dodge_ChallengerRTShakerF7_2015,T4_5_98_29_40_29.txt,35,3009000,true
TIER_4,Dodge_ChargerHellcatDaytona50th_2020,T4_5_98_29_40_29.txt,35,3009000,true
TIER_4,Dodge_ChargerHellcat_2020,T4_5_91_36_32_23.txt,35,3009000,true
TIER_4,Dodge_ViperACRCrew_2016,T4_5_98_29_40_29.txt,35,3009000,true
TIER_4,Dodge_ViperACRRewardRecycled_2016,T4_5_91_36_32_23.txt,35,3009000,true
TIER_4,Dodge_ViperACRReward_2016,T4_5_98_29_40_29.txt,35,3009000,true
TIER_4,Dodge_ViperGTS_2015,T4_5_98_35_38_25.txt,35,3009000,true
TIER_4,Dodge_ViperSnakeskinEditionGTC_2017,T4_5_98_29_40_29.txt,35,3009000,true
TIER_4,Ferrari_CaliforniaT70thAnniversary_2015,T4_5_98_29_40_29.txt,35,3009000,true
TIER_4,Ferrari_F40RewardRecycled_1987,T4_5_91_36_32_23.txt,35,3009000,true
TIER_4,Ferrari_F40Reward_1987,T4_5_98_29_40_29.txt,35,3009000,true
TIER_4,Ferrari_F50CrewRecycled_1995,T4_4_91_36_32_23.txt,35,3009000,true
TIER_4,Ferrari_F50Crew_1995,T4_5_98_29_40_29.txt,35,3009000,true
TIER_4,Ferrari_PurosangueRewardRecycled_2023,T4_5_91_36_32_23.txt,35,3009000,true
TIER_4,Ferrari_PurosangueReward_2023,T4_5_98_29_40_29.txt,35,3009000,true
TIER_4,Ford_EscortMKIF6_1970,T4_5_98_29_40_29.txt,35,3009000,true
TIER_4,Ford_GT40MkII1_1966,T4_5_98_29_40_29.txt,35,3009000,true
TIER_4,Ford_GT40MkII_1966,T4_5_98_32_39_27.txt,35,3009000,true
TIER_4,Ford_GTHeritageEdition_2005,T4_5_98_29_40_29.txt,35,3009000,true
TIER_4,Ford_GT_2005,T4_5_91_36_32_23.txt,35,3009000,true
TIER_4,Ford_MustangDarkHorse_2024,T4_5_98_29_40_29.txt,35,3009000,true
TIER_4,Ford_MustangGTHPE750Silver_2015,T4_4_91_36_32_23.txt,35,3009000,true
TIER_4,Ford_MustangGTPremiumBoss_2015,T4_4_68_29_22_17.txt,35,2024600,true
TIER_4,Ford_MustangMachEGTRewardRecycled_2021,T4_5_91_36_32_23.txt,35,3009000,true
TIER_4,Ford_MustangMachEGTReward_2021,T4_5_98_29_40_29.txt,35,3009000,true
TIER_4,Ford_ShelbyGT350RElite_2016,T4_5_98_29_40_29.txt,35,3009000,true
TIER_4,Ford_ShelbyGT350R_2016,T4_5_91_36_32_23.txt,35,3009000,true
TIER_4,Honda_AIMGAINGTNSXEvo_2017,T4_5_98_29_40_29.txt,35,3009000,true
TIER_4,Honda_AIMGAINGTNSXRewardRecycled_2017,T4_5_91_36_32_23.txt,35,3009000,true
TIER_4,Honda_AIMGAINGTNSXReward_2017,T4_5_98_29_40_29.txt,35,3009000,true
TIER_4,Honda_LBNSXRewardRecycled_2017,T4_5_98_36_39_23.txt,35,3009000,true
TIER_4,Honda_LBNSXReward_2017,T4_5_98_29_40_29.txt,35,3009000,true
TIER_4,Honda_NSXLBWorksRewardRecycled_1992,T4_5_91_36_32_23.txt,35,3009000,true
TIER_4,Honda_NSXLBWorksReward_1992,T4_5_98_29_40_29.txt,35,3009000,true
TIER_4,Honda_NSXRClassic_1992,T4_5_98_32_39_27.txt,35,3009000,true
TIER_4,Honda_NSXRewardRecycled_2017,T4_5_98_36_39_23.txt,35,3009000,true
TIER_4,Honda_NSXReward_2017,T4_4_98_29_40_29.txt,35,3009000,true
TIER_4,Honda_NSXRocketBunny_1992,T4_5_98_29_40_29.txt,35,3009000,true
TIER_4,Hyundai_Ioniq5NRewardRecycled_2023,T4_5_91_36_32_23.txt,35,3009000,true
TIER_4,Hyundai_Ioniq5NReward_2023,T4_5_98_29_40_29.txt,35,3009000,true
TIER_4,Infiniti_Q60ProjectBlackSRewardRecycled_2018,T4_5_91_36_32_23.txt,35,3009000,true
TIER_4,Infiniti_Q60ProjectBlackSReward_2018,T4_5_98_29_40_29.txt,35,3009000,true
TIER_4,Jaguar_FTypeRCoupeF8_2016,T4_5_98_29_40_29.txt,35,3009000,true
TIER_4,Jaguar_FTypeRCoupe_2016,T4_3_78_34_25_19.txt,35,2024600,true
TIER_4,Jaguar_XESVProject8F9_2018,T4_5_98_29_40_29.txt,35,3009000,true
TIER_4,Jaguar_XESVProject8RewardRecycled_2018,T4_5_91_36_32_23.txt,35,3009000,true
TIER_4,Jaguar_XESVProject8Reward_2018,T4_5_98_29_40_29.txt,35,3009000,true
TIER_4,Jeep_GladiatorF9_2019,T4_5_98_29_40_29.txt,35,3009000,true
TIER_4,Jeep_GladiatorRewardRecycled_2019,T4_5_91_36_32_23.txt,35,3009000,true
TIER_4,Jeep_GladiatorReward_2019,T4_4_98_36_39_23.txt,35,3009000,true
TIER_4,Jeep_GrandCherokeeTrackhawkF9_2018,T4_4_98_29_40_29.txt,35,3009000,true
TIER_4,Jeep_GrandCherokeeTrackhawk_2018,T4_4_98_36_39_23.txt,35,3009000,true
TIER_4,Lamborghini_CountachClassic_1988,T4_5_98_32_39_27.txt,35,3009000,true
TIER_4,Lamborghini_UrusPerformanteRewardRecycled_2023,T4_5_91_36_32_23.txt,35,3009000,true
TIER_4,Lamborghini_UrusPerformanteReward_2023,T4_5_98_29_40_29.txt,35,3009000,true
TIER_4,Lamborghini_UrusRewardRecycled_2018,T4_4_91_36_32_23.txt,35,3009000,true
TIER_4,Lamborghini_UrusReward_2018,T4_4_98_29_40_29.txt,35,3009000,true
TIER_4,Lexus_LC500TNR_2018,T4_5_108_32_46_30.txt,35,3009000,true
TIER_4,Lotus_EvoraGT430RewardRecycled_2018,T4_5_91_36_32_23.txt,35,3009000,true
TIER_4,Lotus_EvoraGT430Reward_2018,T4_5_98_29_40_29.txt,35,3009000,true
TIER_4,Lotus_Type131RewardRecycled_2022,T4_5_91_36_32_23.txt,35,3009000,true
TIER_4,Lotus_Type131Reward_2022,T4_5_98_29_40_29.txt,35,3009000,true
TIER_4,Maserati_GhibliSQ4_2014,T4_4_91_36_32_23.txt,35,3009000,true
TIER_4,Maserati_GranTurismoMCRewardRecycled_2018,T4_4_91_36_32_23.txt,35,3009000,true
TIER_4,Maserati_GranTurismoMCReward_2018,T4_4_98_29_40_29.txt,35,3009000,true
TIER_4,Maserati_LBGranTurismoS_2018,T4_5_91_36_32_23.txt,35,3009000,true
TIER_4,Mazda_KRCJapanRX8RewardRecycled_2004,T4_5_91_36_32_23.txt,35,3009000,true
TIER_4,Mazda_KRCJapanRX8Reward_2004,T4_5_98_29_40_29.txt,35,3009000,true
TIER_4,Mazda_RBRX8_2004,T4_5_98_29_40_29.txt,35,3009000,true
TIER_4,Mazda_RX7F1_1993,T4_5_98_29_40_29.txt,35,3009000,true
TIER_4,Mazda_RX7RewardEaster_1993,T4_5_98_29_40_29.txt,35,3009000,true
TIER_4,Mazda_RX7RewardRecycled_1993,T4_5_98_36_39_23.txt,35,3009000,true
TIER_4,Mazda_RX7Reward_1993,T4_5_98_29_40_29.txt,35,3009000,true
TIER_4,Mazda_RX8F3_2004,T4_5_98_29_40_29.txt,35,3009000,true
TIER_4,MercedesAMG_G63SUVRewardRecycled_2020,T4_5_91_36_32_23.txt,35,3009000,true
TIER_4,MercedesAMG_G63SUVReward_2020,T4_5_98_29_40_29.txt,35,3009000,true
TIER_4,MercedesAMG_GTSF8_2015,T4_5_98_29_40_29.txt,35,3009000,true
TIER_4,MercedesAMG_GT_2015,T4_3_78_34_25_19.txt,35,2024600,true
TIER_4,MercedesBenz_C63AMGCoupeBlackSeries_2014,T4_4_91_36_32_23.txt,35,3009000,true
TIER_4,MercedesBenz_LBC63AMGCoupeBlackSeries_2014,T4_5_91_36_32_23.txt,35,3009000,true
TIER_4,MercedesBenz_SLSAMGBlackSeries_2013,T4_4_91_36_32_23.txt,35,3009000,true
TIER_4,Mitsubishi_EclipseF1_1995,T4_5_98_29_40_29.txt,35,3009000,true
TIER_4,Mitsubishi_LancerEVOXTNR_2015,T4_5_108_32_46_30.txt,35,3009000,true
TIER_4,Mitsubishi_LancerEvolutionIXF3_2006,T4_5_98_29_40_29.txt,35,3009000,true
TIER_4,Mitsubishi_LancerEvolutionVIIF2_2002,T4_5_98_29_40_29.txt,35,3009000,true
TIER_4,Nissan_350ZF3_2003,T4_5_98_29_40_29.txt,35,3009000,true
TIER_4,Nissan_350ZRocketBunnyV2Easter_2003,T4_5_98_29_40_29.txt,35,3009000,true
TIER_4,Nissan_350ZRocketBunnyV2_2003,T4_5_98_29_40_29.txt,35,3009000,true
TIER_4,Nissan_350ZRocketBunny_2003,T4_5_98_29_40_29.txt,35,3009000,true
TIER_4,Nissan_GTRNismoCrewRecycled_2017,T4_4_91_36_32_23.txt,35,3009000,true
TIER_4,Nissan_GTRNismoCrew_2017,T4_5_98_29_40_29.txt,35,3009000,true
TIER_4,Nissan_GTRNismoNRewardRecycled_2017,T4_5_91_36_32_23.txt,35,3009000,true
TIER_4,Nissan_GTRNismoNReward_2017,T4_5_98_29_40_29.txt,35,3009000,true
TIER_4,Nissan_GTRPremium_2015,T4_3_78_34_25_19.txt,35,2024600,true
TIER_4,Nissan_GTRRewardRecycled_2015,T4_4_91_36_32_23.txt,35,3009000,true
TIER_4,Nissan_GTRReward_2015,T4_4_98_29_40_29.txt,35,3009000,true
TIER_4,Nissan_GTR_2017,T4_4_91_36_32_23.txt,35,3009000,true
TIER_4,Nissan_JukeR20ConceptRewardRecycled_2015,T4_5_91_36_32_23.txt,35,3009000,true
TIER_4,Nissan_JukeR20ConceptReward_2015,T4_5_98_29_40_29.txt,35,3009000,true
TIER_4,Nissan_LBGTRType2_2017,T4_5_98_29_40_29.txt,35,3009000,true
TIER_4,Nissan_PandeMGTRR33RewardRecycled_1995,T4_5_91_36_32_23.txt,35,3009000,true
TIER_4,Nissan_PandeMGTRR33Reward_1995,T4_5_98_36_39_23.txt,35,3009000,true
TIER_4,Nissan_SilviaS15RocketBunny_1999,T4_5_98_36_39_23.txt,35,3009000,true
TIER_4,Nissan_SkylineGTRR33F1_1995,T4_5_98_29_40_29.txt,35,3009000,true
TIER_4,Nissan_SkylineR33NismoSTune_1995,T4_5_91_36_32_23.txt,35,3009000,true
TIER_4,Nissan_StillenMaximaF1_1999,T4_5_98_29_40_29.txt,35,3009000,true
TIER_4,Nissan_TopSecret350ZF3_2003,T4_5_98_29_40_29.txt,35,3009000,true
TIER_4,Plymouth_HemiCudaClassic_1971,T4_5_98_32_39_27.txt,35,3009000,true
TIER_4,Porsche_911Carrera4SCabrioletRewardRecycled_2020,T4_5_91_36_32_23.txt,35,3009000,true
TIER_4,Porsche_911Carrera4SCabrioletReward_2020,T4_5_98_29_40_29.txt,35,3009000,true
TIER_4,Porsche_911RWBRewardRecycled_1972,T4_5_91_36_32_23.txt,35,3009000,true
TIER_4,Porsche_911RWBReward_1972,T4_5_98_29_40_29.txt,35,3009000,true
TIER_4,Porsche_911STRII_1972,T4_5_98_29_40_29.txt,35,3009000,true
TIER_4,Porsche_911Targa4SRewardRecycled_2021,T4_5_91_36_32_23.txt,35,3009000,true
TIER_4,Porsche_911Targa4SReward_2021,T4_5_98_29_40_29.txt,35,3009000,true
TIER_4,Porsche_959_1988,T4_5_91_36_32_23.txt,35,3009000,true
TIER_4,Porsche_CayenneTurboGTRewardRecycled_2022,T4_5_91_36_32_23.txt,35,3009000,true
TIER_4,Porsche_CayenneTurboGTReward_2022,T4_5_98_29_40_29.txt,35,3009000,true
TIER_4,Porsche_PanameraSportTurismoRewardRecycled_2021,T4_5_91_36_32_23.txt,35,3009000,true
TIER_4,Porsche_PanameraSportTurismoReward_2021,T4_5_98_29_40_29.txt,35,3009000,true
TIER_4,RAM_1500TRX_2021,T4_5_98_29_40_29.txt,35,5979000,true
TIER_4,Subaru_ImprezaWRXF4_2009,T4_5_98_29_40_29.txt,35,3009000,true
TIER_4,Subaru_VarisImprezaWRXSTI_2014,T4_5_98_29_40_29.txt,35,3009000,true
TIER_4,Subaru_WRXSTITNR_2018,T4_5_108_32_46_30.txt,35,3009000,true
TIER_4,TVR_GriffithRewardRecycled_2019,T4_5_91_36_32_23.txt,35,3009000,true
TIER_4,TVR_GriffithReward_2019,T4_5_98_29_40_29.txt,35,3009000,true
TIER_4,TVR_SagarisRewardRecycled_2006,T4_5_91_36_32_23.txt,35,3009000,true
TIER_4,TVR_SagarisReward_2006,T4_5_98_29_40_29.txt,35,3009000,true
TIER_4,TVR_Sagaris_2006,T4_5_98_29_40_29.txt,35,3009000,true
TIER_4,Volkswagen_JettaF1_1995,T4_5_98_29_40_29.txt,35,3009000,true
TIER_5,AMC_RingbrothersJavelinDefiant_1972,T5_5_135_36_50_49.txt,35,5979000,true
TIER_5,ATSAutomobili_GTRewardRecycled_2018,T5_5_128_44_43_41.txt,35,5979000,true
TIER_5,ATSAutomobili_GTReward_2018,T5_5_135_36_50_49.txt,35,5979000,true
TIER_5,ATSAutomobili_RRTurbo_2020,T5_5_135_36_50_49.txt,35,5979000,true
TIER_5,Acura_NSXTypeSRewardRecycled_2022,T5_5_128_44_43_41.txt,35,5979000,true
TIER_5,Acura_NSXTypeSReward_2022,T5_5_135_36_50_49.txt,35,5979000,true
TIER_5,Apollo_IntensaEmozioneCarbon_2019,T5_5_135_36_50_49.txt,35,5979000,true
TIER_5,Apollo_IntensaEmozione_2019,T5_5_135_36_50_49.txt,35,5979000,true
TIER_5,Arrinera_HussaryaRewardRecycled_2020,T5_5_128_44_43_41.txt,35,5979000,true
TIER_5,Arrinera_HussaryaReward_2020,T5_5_135_36_50_49.txt,35,5979000,true
TIER_5,AstonMartin_DB11RewardRecycled_2017,T5_4_128_44_43_41.txt,35,5979000,true
TIER_5,AstonMartin_DB11Reward_2017,T5_4_135_36_50_49.txt,35,5979000,true
TIER_5,AstonMartin_DBSGTZagato_2020,T5_5_135_36_50_49.txt,35,5979000,true
TIER_5,AstonMartin_DBSSuperleggeraRewardRecycled_2019,T5_4_128_44_43_41.txt,35,5979000,true
TIER_5,AstonMartin_DBSSuperleggeraReward_2019,T5_4_135_36_50_49.txt,35,5979000,true
TIER_5,AstonMartin_DBSVolanteRewardRecycled_2020,T5_5_128_44_43_41.txt,35,5979000,true
TIER_5,AstonMartin_DBSVolanteReward_2020,T5_5_135_36_50_49.txt,35,5979000,true
TIER_5,AstonMartin_One77RewardRecycled_2010,T5_5_128_44_43_41.txt,35,5979000,true
TIER_5,AstonMartin_One77Reward_2010,T5_5_135_36_50_49.txt,35,5979000,true
TIER_5,AstonMartin_V12SpeedsterDBR1_2021,T5_5_135_36_50_49.txt,35,5979000,true
TIER_5,AstonMartin_V12Speedster_2021,T5_5_128_44_43_41.txt,35,5979000,true
TIER_5,AstonMartin_V12Vantage_2023,T4_5_91_36_32_23.txt,35,5979000,true
TIER_5,AstonMartin_ValhallaGold_2020,T5_5_128_44_43_41.txt,35,5979000,true
TIER_5,AstonMartin_Valhalla_2020,T5_5_135_36_50_49.txt,35,5979000,true
TIER_5,AstonMartin_ValkyrieAMRProConcept_2020,T5_5_135_36_50_49.txt,35,5979000,true
TIER_5,AstonMartin_ValkyrieSpirit_2020,T5_5_135_36_50_49.txt,35,5979000,true
TIER_5,AstonMartin_ValkyrieTrackPackAMR_2020,T5_5_135_36_50_49.txt,35,5979000,true
TIER_5,AstonMartin_ValkyrieTrackPack_2020,T5_5_135_36_50_49.txt,35,5979000,true
TIER_5,AstonMartin_Valkyrie_2020,T5_5_128_44_43_41.txt,35,5979000,true
TIER_5,AstonMartin_VanquishZagatoRewardRecycled_2017,T5_5_128_44_43_41.txt,35,5979000,true
TIER_5,AstonMartin_VanquishZagatoReward_2017,T5_5_135_36_50_49.txt,35,5979000,true
TIER_5,AstonMartin_VanquishZagatoSB_2017,T5_5_135_36_50_49.txt,35,5979000,true
TIER_5,AstonMartin_Victor_2020,T5_5_135_36_50_49.txt,35,5979000,true
TIER_5,AstonMartin_VulcanRewardGold_2016,T5_5_135_36_50_49.txt,35,5979000,true
TIER_5,AstonMartin_VulcanRewardRecycled_2016,T5_5_128_44_43_41.txt,35,5979000,true
TIER_5,AstonMartin_VulcanReward_2016,T5_5_135_36_50_49.txt,35,5979000,true
TIER_5,Audi_NEWINGR8RSRRewardRecycled_2016,T5_5_128_44_43_41.txt,35,5979000,true
TIER_5,Audi_NEWINGR8RSRReward_2016,T5_5_135_36_50_49.txt,35,5979000,true
TIER_5,Audi_R18_2014,T5_5_135_36_50_49.txt,35,5979000,true
TIER_5,Audi_R8LMSGT3_2019,T5_5_135_36_50_49.txt,35,5979000,true
TIER_5,Audi_R8SpyderRewardRecycled_2020,T5_5_128_44_43_41.txt,35,5979000,true
TIER_5,Audi_R8SpyderReward_2020,T5_5_135_36_50_49.txt,35,5979000,true
TIER_5,Audi_R8V10Decennium_2019,T5_5_135_36_50_49.txt,35,5979000,true
TIER_5,Audi_R8V10GreenHell_2020,T5_5_135_36_50_49.txt,35,5979000,true
TIER_5,Audi_R8V10PlusCoupeRewardRecycled_2016,T5_5_128_44_43_41.txt,35,5979000,true
TIER_5,Audi_R8V10PlusCoupeReward_2016,T5_5_135_36_50_49.txt,35,5979000,true
TIER_5,Audi_R8V10PlusCoupe_2016,T5_4_128_44_43_41.txt,35,5979000,true
TIER_5,Audi_RSetronGTRewardRecycled_2022,T5_5_128_44_43_41.txt,35,5979000,true
TIER_5,Audi_RSetronGTReward_2022,T5_5_135_36_50_49.txt,35,5979000,true
TIER_5,Audi_S1ETronQuattroHoonitron_2022,T5_5_135_36_50_49.txt,35,5979000,true
TIER_5,BAC_MonoRewardRecycled_2017,T5_5_128_44_43_41.txt,35,5979000,true
TIER_5,BAC_MonoReward_2017,T5_5_135_36_50_49.txt,35,5979000,true
TIER_5,BMW_M4GT3_2022,T5_5_135_36_50_49.txt,35,5979000,true
TIER_5,BMW_M8Competition_2020,T5_5_135_36_50_49.txt,35,5979000,true
TIER_5,BMW_M8ConvertiblePride_2021,T5_5_135_36_50_49.txt,35,5979000,true
TIER_5,BMW_M8ConvertibleRewardRecycled_2021,T5_5_128_44_43_41.txt,35,5979000,true
TIER_5,BMW_M8ConvertibleReward_2021,T5_5_135_36_50_49.txt,35,5979000,true
TIER_5,BMW_M8RewardRecycled_2020,T5_5_128_44_43_41.txt,35,5979000,true
TIER_5,BMW_M8Reward_2020,T5_5_135_36_50_49.txt,35,5979000,true
TIER_5,Bentley_ContinentalGT3PikesPeak_2021,T5_5_135_36_50_49.txt,35,5979000,true
TIER_5,Bentley_ContinentalGT3RRewardRecycled_2015,T5_4_128_44_43_41.txt,35,5979000,true
TIER_5,Bentley_ContinentalGT3RReward_2015,T5_4_135_36_50_49.txt,35,5979000,true
TIER_5,Bentley_ContinentalGT3RaceCar_2020,T5_5_135_36_50_49.txt,35,5979000,true
TIER_5,Bentley_ContinentalGTCSpeedRewardRecycled_2022,T5_5_128_44_43_41.txt,35,5979000,true
TIER_5,Bentley_ContinentalGTCSpeedReward_2022,T5_5_135_36_50_49.txt,35,5979000,true
TIER_5,Bentley_ContinentalGTConvertibleRewardRecycled_2019,T5_5_128_44_43_41.txt,35,5979000,true
TIER_5,Bentley_ContinentalGTConvertibleReward_2019,T5_5_135_36_50_49.txt,35,5979000,true
TIER_5,Bentley_ContinentalGTRewardRecycled_2018,T5_4_128_44_43_41.txt,35,5979000,true
TIER_5,Bentley_ContinentalGTReward_2018,T5_4_135_36_50_49.txt,35,5979000,true
TIER_5,Bentley_ContinentalGTSpeedRewardRecycled_2021,T5_5_128_44_43_41.txt,35,5979000,true
TIER_5,Bentley_ContinentalGTSpeedReward_2021,T5_5_135_36_50_49.txt,35,5979000,true
TIER_5,Bentley_ContinentalGTSpeed_2016,T5_3_110_38_37_35.txt,35,5979000,true
TIER_5,Bentley_MullinerBacalarRewardRecycled_2021,T5_5_128_44_43_41.txt,35,5979000,true
TIER_5,Bentley_MullinerBacalarReward_2021,T5_5_135_36_50_49.txt,35,5979000,true
TIER_5,Brabham_BT62Evo_2019,T5_5_135_36_50_49.txt,35,5979000,true
TIER_5,Brabham_BT62RRewardRecycled_2020,T5_5_128_44_43_41.txt,35,5979000,true
TIER_5,Brabham_BT62RReward_2020,T5_5_135_36_50_49.txt,35,5979000,true
TIER_5,Brabham_BT62_2019,T5_5_135_36_50_49.txt,35,5979000,true
TIER_5,Bugatti_AtlanticConcept_2015,T5_5_135_36_50_49.txt,35,5979000,true
TIER_5,Bugatti_Chiron42Seconds_2016,T5_5_135_36_50_49.txt,35,5979000,true
TIER_5,Bugatti_ChironProfilee_2022,T5_5_135_36_50_49.txt,35,5979000,true
TIER_5,Bugatti_ChironProjectHero_2016,T5_5_135_36_50_49.txt,35,5979000,true
TIER_5,Bugatti_ChironPurSportEditionGP_2022,T5_5_135_36_50_49.txt,35,5979000,true
TIER_5,Bugatti_ChironRLB_2020,T5_5_135_36_50_49.txt,35,5979000,true
TIER_5,Bugatti_ChironRMS_2020,T5_5_128_44_43_41.txt,35,5979000,true
TIER_5,Bugatti_ChironRewardGold_2016,T5_5_135_36_50_49.txt,35,5979000,true
TIER_5,Bugatti_ChironRewardRecycled_2016,T5_5_128_44_43_41.txt,35,5979000,true
TIER_5,Bugatti_ChironReward_2016,T5_5_135_36_50_49.txt,35,5979000,true
TIER_5,Bugatti_ChironSport110_2018,T5_5_135_36_50_49.txt,35,5979000,true
TIER_5,Bugatti_ChironSport_2016,T5_5_135_36_50_49.txt,35,5979000,true
TIER_5,Bugatti_ChironSuperSportWRE_2020,T5_5_135_36_50_49.txt,35,5979000,true
TIER_5,Bugatti_ChironSuperSport_2022,T5_5_135_36_50_49.txt,35,5979000,true
TIER_5,Bugatti_Divo110_2019,T5_5_135_36_50_49.txt,35,5979000,true
TIER_5,Bugatti_DivoGold_2019,T5_5_128_44_43_41.txt,35,5979000,true
TIER_5,Bugatti_Divo_2019,T5_5_135_36_50_49.txt,35,5979000,true
TIER_5,Bugatti_EB110HomageLB_2019,T5_5_135_36_50_49.txt,35,5979000,true
TIER_5,Bugatti_EB110HomageMS_2019,T5_5_135_36_50_49.txt,35,5979000,true
TIER_5,Bugatti_EB110SSClassic_1992,T5_5_135_37_46_52.txt,35,5979000,true
TIER_5,Bugatti_LaVoitureNoire_2019,T5_5_135_36_50_49.txt,35,5979000,true
TIER_5,Bugatti_VeyronGrandSportVitesseAndroid_2012,T5_5_135_36_50_49.txt,35,5979000,true
TIER_5,Bugatti_VeyronGrandSportVitesseWRE_2012,T5_5_135_36_50_49.txt,35,5979000,true
TIER_5,Bugatti_VeyronGrandSportVitesse_2012,T5_5_128_44_43_41.txt,35,5979000,true
TIER_5,Bugatti_VeyronGrandSportVitesseiOS_2012,T5_5_135_36_50_49.txt,35,5979000,true
TIER_5,Bugatti_VeyronSuperSportGold_2012,T5_5_135_36_50_49.txt,35,5979000,true
TIER_5,Bugatti_VeyronSuperSport_2012,T5_5_128_44_43_41.txt,35,5979000,true
TIER_5,Bugatti_W16Mistral_2023,T5_5_135_36_50_49.txt,35,5979000,true
TIER_5,Bugatti_X16Gold_2024,T5_5_135_36_50_49.txt,35,5979000,true
TIER_5,Bugatti_X16_2024,T5_5_135_36_50_49.txt,35,5979000,true
TIER_5,Buick_RoadstershopGrandNational_1987,T5_5_135_36_50_49.txt,35,5979000,true
TIER_5,Chevrolet_C10Elite_2016,T5_5_135_36_50_49.txt,35,5979000,true
TIER_5,Chevrolet_C10Halloween_2016,T5_5_135_36_50_49.txt,35,5979000,true
TIER_5,Chevrolet_C10RewardRecycled_2016,T5_4_128_44_43_41.txt,35,5979000,true
TIER_5,Chevrolet_C10RewardVIP_2016,T5_5_135_36_50_49.txt,35,5979000,true
TIER_5,Chevrolet_C10Reward_2016,T5_5_135_36_50_49.txt,35,5979000,true
TIER_5,Chevrolet_COPOCamaroRewardEvo_2019,T5_5_135_36_50_49.txt,35,5979000,true
TIER_5,Chevrolet_COPOCamaroRewardRecycled_2019,T5_5_128_44_43_41.txt,35,5979000,true
TIER_5,Chevrolet_COPOCamaroReward_2019,T5_5_135_36_50_49.txt,35,5979000,true
TIER_5,Chevrolet_Camaro632_1988,T5_5_135_36_50_49.txt,35,5979000,true
TIER_5,Chevrolet_CamaroSSNASCARXfinity_2021,T5_5_135_36_50_49.txt,35,5979000,true
TIER_5,Chevrolet_CamaroZL11LERewardRecycled_2018,T5_4_128_44_43_41.txt,35,5979000,true
TIER_5,Chevrolet_CamaroZL11LEReward_2018,T5_4_135_36_50_49.txt,35,5979000,true
TIER_5,Chevrolet_CamaroZL1NASCAR_2022,T5_5_135_36_50_49.txt,35,5979000,true
TIER_5,Chevrolet_CorvetteC8RLB_2020,T5_5_135_36_50_49.txt,35,5979000,true
TIER_5,Chevrolet_CorvetteC8RMS_2020,T5_5_135_36_50_49.txt,35,5979000,true
TIER_5,Chevrolet_CorvetteStingrayTNR_2020,T5_5_150_39_57_54.txt,35,5979000,true
TIER_5,Chevrolet_CorvetteZ06C8CRewardRecycled_2023,T5_5_128_44_43_41.txt,35,5979000,true
TIER_5,Chevrolet_CorvetteZ06C8CReward_2023,T5_5_135_36_50_49.txt,35,5979000,true
TIER_5,Chevrolet_CorvetteZ06RewardRecycled_2023,T5_5_128_44_43_41.txt,35,5979000,true
TIER_5,Chevrolet_CorvetteZ06Reward_2023,T5_5_135_36_50_49.txt,35,5979000,true
TIER_5,Chevrolet_CorvetteZ06Z07Package_2023,T5_5_135_36_50_49.txt,35,5979000,true
TIER_5,Chevrolet_CorvetteZR1RewardRecycled_2018,T5_5_128_44_43_41.txt,35,5979000,true
TIER_5,Chevrolet_CorvetteZR1Reward_2018,T5_5_135_36_50_49.txt,35,5979000,true
TIER_5,Chevrolet_CorvetteZR1SH1_2018,T5_5_135_36_50_49.txt,35,5979000,true
TIER_5,Chevrolet_DutchboysCamaroLB_1969,T5_5_135_36_50_49.txt,35,5979000,true
TIER_5,Chevrolet_DutchboysCamaroMS_1969,T5_5_135_36_50_49.txt,35,5979000,true
TIER_5,Chevrolet_EddiesCorvetteC2_1963,T5_5_135_36_50_49.txt,35,5979000,true
TIER_5,Chevrolet_HSCustomsCamaroRewardRecycled_2016,T5_5_128_44_43_41.txt,35,5979000,true
TIER_5,Chevrolet_HSCustomsCamaroReward_2016,T5_5_135_36_50_49.txt,35,5979000,true
TIER_5,Chevrolet_KellySonBelAir_1957,T5_5_135_36_50_49.txt,35,5979000,true
TIER_5,Chevrolet_MonteCarloRaceCarF9_1995,T5_5_135_36_50_49.txt,35,5979000,true
TIER_5,Chevrolet_NASCARCamaroZL1JE_2020,T5_5_135_36_50_49.txt,35,5979000,true
TIER_5,Chevrolet_NASCARCamaroZL1_2020,T5_5_135_36_50_49.txt,35,5979000,true
TIER_5,Chevrolet_NapalmNova_1972,T5_5_135_36_50_49.txt,35,5979000,true
TIER_5,Chevrolet_NovaSSF9_1970,T5_5_135_36_50_49.txt,35,5979000,true
TIER_5,Chevrolet_QuintinBrotherCamaroRewardRecycled_1968,T5_5_128_44_43_41.txt,35,5979000,true
TIER_5,Chevrolet_QuintinBrotherCamaroReward_1968,T5_5_135_36_50_49.txt,35,5979000,true
TIER_5,Chevrolet_RingbrothersCamaroUSA_1969,T5_5_135_36_50_49.txt,35,5979000,true
TIER_5,Chevrolet_RingbrothersCamaro_1969,T5_5_135_36_50_49.txt,35,5979000,true
TIER_5,Chevrolet_RingbrothersChevelle_1966,T5_5_135_36_50_49.txt,35,5979000,true
TIER_5,Chevrolet_SickSecondsCamaroSS_1969,T5_5_135_36_50_49.txt,35,5979000,true
TIER_5,Czinger_21C_2021,T5_5_135_36_50_49.txt,35,5979000,true
TIER_5,Devel_Sixteen_2022,T5_5_135_36_50_49.txt,35,5979000,true
TIER_5,Dodge_ChallengerMoparDragPakGold_2021,T5_5_128_44_43_41.txt,35,5979000,true
TIER_5,Dodge_ChallengerMoparDragPak_2021,T5_5_135_36_50_49.txt,35,5979000,true
TIER_5,Dodge_ChallengerSRTDemonF8_2018,T5_5_135_36_50_49.txt,35,5979000,true
TIER_5,Dodge_ChallengerSRTDemonRewardRecycled_2018,T5_5_128_44_43_41.txt,35,5979000,true
TIER_5,Dodge_ChallengerSRTDemonReward_2018,T5_5_135_36_50_49.txt,35,5979000,true
TIER_5,Dodge_ChallengerSRTSuperStockRewardRecycled_2021,T5_4_128_44_43_41.txt,35,5979000,true
TIER_5,Dodge_ChallengerSRTSuperStockReward_2021,T5_4_135_36_50_49.txt,35,5979000,true
TIER_5,Dodge_ChargerDaytonaF6_1970,T5_5_135_36_50_49.txt,35,5979000,true
TIER_5,Dodge_ChargerHellcatRedeyeRewardRecycled_2021,T5_4_128_44_43_41.txt,35,5979000,true
TIER_5,Dodge_ChargerHellcatRedeyeReward_2021,T5_4_135_36_50_49.txt,35,5979000,true
TIER_5,Dodge_ChargerRTF1_1970,T5_5_135_36_50_49.txt,35,5979000,true
TIER_5,Dodge_ChargerRTF4_1970,T5_5_135_36_50_49.txt,35,5979000,true
TIER_5,Dodge_ChargerRTF8_1970,T5_5_135_36_50_49.txt,35,5979000,true
TIER_5,Dodge_ChargerRTF9_1966,T5_5_135_36_50_49.txt,35,5979000,true
TIER_5,Dodge_ChargerTantrumF9_1970,T5_5_135_36_50_49.txt,35,5979000,true
TIER_5,Dodge_DemonChargerF9_2018,T5_5_135_36_50_49.txt,35,5979000,true
TIER_5,Dodge_HPE1200DemonGold_2018,T5_5_128_44_43_41.txt,35,5979000,true
TIER_5,Dodge_HPE1200Demon_2018,T5_5_135_36_50_49.txt,35,5979000,true
TIER_5,Dodge_HavocChallenger_1970,T5_5_135_36_50_49.txt,35,5979000,true
TIER_5,Dodge_RingbrosChargerCAPTIV_1969,T5_5_135_36_50_49.txt,35,5979000,true
TIER_5,Dodge_ViperACRExtremeAeroPackage_2016,T5_4_128_44_43_41.txt,35,5979000,true
TIER_5,Dodge_ViperACRVoodooII_2016,T5_5_135_36_50_49.txt,35,5979000,true
TIER_5,Dodge_WidebodyChargerF9_1968,T5_5_135_36_50_49.txt,35,5979000,true
TIER_5,Donkervoort_D8GTORewardRecycled_2015,T5_5_128_44_43_41.txt,35,5979000,true
TIER_5,Donkervoort_D8GTOReward_2015,T5_5_135_36_50_49.txt,35,5979000,true
TIER_5,Ferrari_296GTB_2022,T5_4_128_44_43_41.txt,35,5979000,true
TIER_5,Ferrari_296GTSRewardRecycled_2023,T5_5_128_44_43_41.txt,35,5979000,true
TIER_5,Ferrari_296GTSReward_2023,T5_5_135_36_50_49.txt,35,5979000,true
TIER_5,Ferrari_458Speciale_2014,T5_4_135_36_50_49.txt,35,5979000,true
TIER_5,Ferrari_488GTB70thAnniversary_2015,T5_5_135_36_50_49.txt,35,5979000,true
TIER_5,Ferrari_488GTModificata_2021,T5_5_135_36_50_49.txt,35,5979000,true
TIER_5,Ferrari_488PistaRewardRecycled_2019,T5_4_128_44_43_41.txt,35,5979000,true
TIER_5,Ferrari_488PistaReward_2019,T5_4_135_36_50_49.txt,35,5979000,true
TIER_5,Ferrari_488PistaSpiderRewardRecycled_2019,T5_5_135_44_50_41.txt,35,5979000,true
TIER_5,Ferrari_488PistaSpiderReward_2019,T5_4_135_36_50_49.txt,35,5979000,true
TIER_5,Ferrari_488Spider70thAnniversary_2015,T5_5_135_36_50_49.txt,35,5979000,true
TIER_5,Ferrari_488Spider_2015,T5_3_110_38_37_35.txt,35,5979000,true
TIER_5,Ferrari_599GTORewardRecycled_2010,T5_4_128_44_43_41.txt,35,5979000,true
TIER_5,Ferrari_599GTOReward_2010,T5_4_135_36_50_49.txt,35,5979000,true
TIER_5,Ferrari_599XXEvoluzione_2011,T5_5_135_36_50_49.txt,35,5979000,true
TIER_5,Ferrari_812CompetizioneRewardRecycled_2021,T5_5_128_44_43_41.txt,35,5979000,true
TIER_5,Ferrari_812CompetizioneReward_2021,T5_5_135_36_50_49.txt,35,5979000,true
TIER_5,Ferrari_812Competizione_2021,T5_5_135_36_50_49.txt,35,5979000,true
TIER_5,Ferrari_812GTSRewardRecycled_2020,T5_5_128_44_43_41.txt,35,5979000,true
TIER_5,Ferrari_812GTSReward_2020,T5_5_135_36_50_49.txt,35,5979000,true
TIER_5,Ferrari_812SuperfastRewardRecycled_2018,T5_5_128_44_43_41.txt,35,5979000,true
TIER_5,Ferrari_812SuperfastReward_2018,T5_5_135_36_50_49.txt,35,5979000,true
TIER_5,Ferrari_DaytonaSP3_2022,T5_5_135_36_50_49.txt,35,5979000,true
TIER_5,Ferrari_EnzoGold_2002,T5_5_128_44_43_41.txt,35,5979000,true
TIER_5,Ferrari_Enzo_2002,T5_5_135_36_50_49.txt,35,5979000,true
TIER_5,Ferrari_F12berlinetta70thAnniversary_2014,T5_5_135_36_50_49.txt,35,5979000,true
TIER_5,Ferrari_F12berlinetta_2014,T5_3_110_38_37_35.txt,35,5979000,true
TIER_5,Ferrari_F12tdfRewardRecycled_2016,T5_5_128_44_43_41.txt,35,5979000,true
TIER_5,Ferrari_F12tdfReward_2016,T5_5_135_36_50_49.txt,35,5979000,true
TIER_5,Ferrari_F8SpiderRewardRecycled_2020,T5_5_128_44_43_41.txt,35,5979000,true
TIER_5,Ferrari_F8SpiderReward_2020,T5_5_135_36_50_49.txt,35,5979000,true
TIER_5,Ferrari_F8TributoRewardRecycled_2020,T5_5_128_44_43_41.txt,35,5979000,true
TIER_5,Ferrari_F8TributoReward_2020,T5_5_135_36_50_49.txt,35,5979000,true
TIER_5,Ferrari_FXXEvoluzione_2008,T5_5_135_36_50_49.txt,35,5979000,true
TIER_5,Ferrari_FXXKEvo_2018,T5_5_128_44_43_41.txt,35,5979000,true
TIER_5,Ferrari_FXXKRewardRecycled_2014,T5_5_128_44_43_41.txt,35,5979000,true
TIER_5,Ferrari_FXXKReward_2014,T5_5_135_36_50_49.txt,35,5979000,true
TIER_5,Ferrari_GTC4Lusso70thAnniversary_2016,T5_5_135_36_50_49.txt,35,5979000,true
TIER_5,Ferrari_GTC4LussoRewardRecycled_2016,T5_4_128_44_43_41.txt,35,5979000,true
TIER_5,Ferrari_GTC4LussoReward_2016,T5_4_135_36_50_49.txt,35,5979000,true
TIER_5,Ferrari_LaFerrariAperta70thAnniversary_2017,T5_5_135_36_50_49.txt,35,5979000,true
TIER_5,Ferrari_LaFerrariAperta_2017,T5_5_128_44_43_41.txt,35,5979000,true
TIER_5,Ferrari_LaFerrari_2014,T5_5_128_44_43_41.txt,35,5979000,true
TIER_5,Ferrari_MonzaRewardRecycled_2019,T5_5_128_44_43_41.txt,35,5979000,true
TIER_5,Ferrari_MonzaReward_2019,T5_5_135_36_50_49.txt,35,5979000,true
TIER_5,Ferrari_PortofinoRewardRecycled_2018,T5_4_128_44_43_41.txt,35,5979000,true
TIER_5,Ferrari_PortofinoReward_2018,T5_4_135_36_50_49.txt,35,5979000,true
TIER_5,Ferrari_RomaRewardRecycled_2020,T5_5_128_44_43_41.txt,35,5979000,true
TIER_5,Ferrari_RomaReward_2020,T5_5_135_36_50_49.txt,35,5979000,true
TIER_5,Ferrari_SF90SpiderRewardRecycled_2021,T5_5_128_44_43_41.txt,35,5979000,true
TIER_5,Ferrari_SF90SpiderReward_2021,T5_5_135_36_50_49.txt,35,5979000,true
TIER_5,Ferrari_SF90StradaleAssettoFioranoF175_2021,T5_5_135_36_50_49.txt,35,5979000,true
TIER_5,Ferrari_SF90StradaleAssettoFiorano_2021,T5_5_135_36_50_49.txt,35,5979000,true
TIER_5,Ferrari_SF90StradaleGold_2020,T5_5_128_44_43_41.txt,35,5979000,true
TIER_5,Ferrari_SF90Stradale_2020,T5_5_135_36_50_49.txt,35,5979000,true
TIER_5,FnF_FlipCar_2013,T5_5_135_36_50_49.txt,35,5979000,true
TIER_5,Ford_Durty30Gold_2016,T5_5_135_36_50_49.txt,35,5979000,true
TIER_5,Ford_Durty30_2016,T5_5_128_44_43_41.txt,35,5979000,true
TIER_5,Ford_F150Hoonitruck_1977,T5_5_135_36_50_49.txt,35,5979000,true
TIER_5,Ford_GTDaytonaHeritageEdition_2021,T5_5_135_36_50_49.txt,35,5979000,true
TIER_5,Ford_GTElite_2017,T5_5_135_36_50_49.txt,35,5979000,true
TIER_5,Ford_GTHeritageEdition_2017,T5_5_135_36_50_49.txt,35,5979000,true
TIER_5,Ford_GTLeMansRacecar_2016,T5_5_135_36_50_49.txt,35,5979000,true
TIER_5,Ford_GTRewardRecycled66_2017,T5_4_128_44_43_41.txt,35,5979000,true
TIER_5,Ford_GTRewardRecycled_2017,T5_4_128_44_43_41.txt,35,5979000,true
TIER_5,Ford_GTReward_2017,T5_4_135_36_50_49.txt,35,5979000,true
TIER_5,Ford_MustangCobraJetVIP_2019,T5_5_135_36_50_49.txt,35,5979000,true
TIER_5,Ford_MustangCobraJet_2019,T5_5_128_44_43_41.txt,35,5979000,true
TIER_5,Ford_MustangF3_1967,T5_5_135_36_50_49.txt,35,5979000,true
TIER_5,Ford_MustangFoxbodyF9_1987,T5_5_135_36_50_49.txt,35,5979000,true
TIER_5,Ford_MustangGT350F9_2016,T5_5_135_36_50_49.txt,35,5979000,true
TIER_5,Ford_MustangGTFastbackTNR_2018,T5_5_135_36_50_49.txt,35,5979000,true
TIER_5,Ford_MustangGTHoonicornV1_1965,T5_5_135_36_50_49.txt,35,5979000,true
TIER_5,Ford_MustangGTHoonicornV2_1965,T5_5_135_36_50_49.txt,35,5979000,true
TIER_5,Ford_MustangMachE1400_2021,T5_5_135_36_50_49.txt,35,5979000,true
TIER_5,Ford_MustangNASCAR_2022,T5_5_135_36_50_49.txt,35,5979000,true
TIER_5,Ford_MustangRTRSPEC5_2019,T5_5_135_36_50_49.txt,35,5979000,true
TIER_5,Ford_MustangRTRSpec3_2019,T5_4_128_44_43_41.txt,35,5979000,true
TIER_5,Ford_MustangShelbyGT500RewardRecycled_2019,T5_5_128_44_43_41.txt,35,5979000,true
TIER_5,Ford_MustangShelbyGT500Reward_2019,T5_5_135_36_50_49.txt,35,5979000,true
TIER_5,Ford_ROUSHStage3Mustang_2019,T5_4_128_44_43_41.txt,35,5979000,true
TIER_5,Ford_RingbrothersMustangMach1_1969,T5_5_135_36_50_49.txt,35,5979000,true
TIER_5,Ford_Supervan4_2022,T5_5_135_36_50_49.txt,35,5979000,true
TIER_5,Ford_WeaverCustomsModelAElite_1931,T5_5_135_36_50_49.txt,35,5979000,true
TIER_5,Ford_WeaverCustomsModelALB_1931,T5_5_135_36_50_49.txt,35,5979000,true
TIER_5,Ford_WeaverCustomsModelAMS_1931,T5_5_135_36_50_49.txt,35,5979000,true
TIER_5,Ford_WeaverCustomsMustangFastback_1968,T5_5_135_36_50_49.txt,35,5979000,true
TIER_5,GTA_SpanoCrewRecycled_2015,T5_4_128_44_43_41.txt,35,5979000,true
TIER_5,GTA_SpanoCrew_2015,T5_5_135_36_50_49.txt,35,5979000,true
TIER_5,Ginetta_AkulaGold_2019,T5_5_128_44_43_41.txt,35,5979000,true
TIER_5,Ginetta_Akula_2019,T5_5_135_36_50_49.txt,35,5979000,true
TIER_5,Hennessey_CamaroExorcistRewardRecycled_2017,T5_5_128_44_43_41.txt,35,5979000,true
TIER_5,Hennessey_CamaroExorcistReward_2017,T5_5_135_36_50_49.txt,35,5979000,true
TIER_5,Hennessey_CamaroTheResurrection_2017,T5_5_135_36_50_49.txt,35,5979000,true
TIER_5,Hennessey_VenomF5Gold_2020,T5_5_128_44_43_41.txt,35,5979000,true
TIER_5,Hennessey_VenomF5RoadsterRewardRecycled_2023,T5_5_128_44_43_41.txt,35,5979000,true
TIER_5,Hennessey_VenomF5RoadsterReward_2023,T5_5_135_36_50_49.txt,35,5979000,true
TIER_5,Hennessey_VenomF5_2020,T5_5_135_36_50_49.txt,35,5979000,true
TIER_5,Hennessey_VenomF5_2021,T5_5_135_36_50_49.txt,35,5979000,true
TIER_5,Hennessey_VenomGTSpyderRewardGold_2016,T5_5_135_36_50_49.txt,35,5979000,true
TIER_5,Hennessey_VenomGTSpyderRewardRecycled_2016,T5_5_128_44_43_41.txt,35,5979000,true
TIER_5,Hennessey_VenomGTSpyderReward_2016,T5_5_135_36_50_49.txt,35,5979000,true
TIER_5,Hennessey_VenomGT_2012,T5_4_128_44_43_41.txt,35,5979000,true
TIER_5,Honda_IndyTruck_2017,T5_5_135_36_50_49.txt,35,5979000,true
TIER_5,Honda_S2000F1_2001,T5_5_135_36_50_49.txt,35,5979000,true
TIER_5,Honda_S2000F2_2001,T5_5_135_36_50_49.txt,35,5979000,true
TIER_5,Honda_S2000TNR_2001,T5_5_150_39_57_54.txt,35,5979000,true
TIER_5,Indy_Car_2021,T5_5_135_36_50_49.txt,35,5979000,true
TIER_5,Italdesign_ZerounoDuerta_2018,T5_5_135_36_50_49.txt,35,5979000,true
TIER_5,Italdesign_ZerounoRewardRecycled_2017,T5_5_128_44_43_41.txt,35,5979000,true
TIER_5,Italdesign_ZerounoReward_2017,T5_5_135_36_50_49.txt,35,5979000,true
TIER_5,Jaguar_CX75PrototypeCrew_2013,T5_5_135_36_50_49.txt,35,5979000,true
TIER_5,Jaguar_CX75PrototypeRewardRecycled_2013,T5_5_128_44_43_41.txt,35,5979000,true
TIER_5,Jaguar_CX75PrototypeReward_2013,T5_5_135_36_50_49.txt,35,5979000,true
TIER_5,Jaguar_FTYPERConvertibleRewardRecycled_2021,T5_4_128_44_43_41.txt,35,5979000,true
TIER_5,Jaguar_FTYPERConvertibleReward_2021,T5_4_135_36_50_49.txt,35,5979000,true
TIER_5,Jaguar_FTypeSVRCoupeRewardRecycled_2019,T5_4_128_44_43_41.txt,35,5979000,true
TIER_5,Jaguar_FTypeSVRCoupeReward_2019,T5_4_135_36_50_49.txt,35,5979000,true
TIER_5,Jaguar_Project7Boss_2016,T5_5_96_35_31_30.txt,35,5979000,true
TIER_5,Jaguar_Project7VIP_2016,T5_5_135_36_50_49.txt,35,5979000,true
TIER_5,Jaguar_XJ220Classic_1993,T5_5_135_37_46_52.txt,35,5979000,true
TIER_5,KTM_XBowGTX_2020,T5_5_135_36_50_49.txt,35,5979000,true
TIER_5,KTM_XBowRRewardRecycled_2011,T5_4_128_44_43_41.txt,35,5979000,true
TIER_5,KTM_XBowRReward_2011,T5_4_135_36_50_49.txt,35,5979000,true
TIER_5,Kimera_EVO37Gold_2022,T5_5_135_36_50_49.txt,35,5979000,true
TIER_5,Kimera_EVO37_2022,T5_5_135_36_50_49.txt,35,5979000,true
TIER_5,Koenigsegg_AgeraRSRewardRecycled_2017,T5_5_128_44_43_41.txt,35,5979000,true
TIER_5,Koenigsegg_AgeraRSReward_2017,T5_5_135_36_50_49.txt,35,5979000,true
TIER_5,Koenigsegg_AgeraR_2013,T5_5_96_35_31_30.txt,35,5979000,true
TIER_5,Koenigsegg_GemeraLE_2021,T5_5_135_36_50_49.txt,35,5979000,true
TIER_5,Koenigsegg_Gemera_2021,T5_5_128_44_43_41.txt,35,5979000,true
TIER_5,Koenigsegg_JeskoAbsolut_2021,T5_5_135_36_50_49.txt,35,5979000,true
TIER_5,Koenigsegg_JeskoGold_2020,T5_5_135_36_50_49.txt,35,5979000,true
TIER_5,Koenigsegg_JeskoRoofless_2020,T5_5_135_36_50_49.txt,35,5979000,true
TIER_5,Koenigsegg_Jesko_2020,T5_5_135_36_50_49.txt,35,5979000,true
TIER_5,Koenigsegg_One1_2014,T5_5_128_44_43_41.txt,35,5979000,true
TIER_5,Koenigsegg_RegeraHalloween_2016,T5_5_135_36_50_49.txt,35,5979000,true
TIER_5,Koenigsegg_RegeraRewardGold_2016,T5_5_135_36_50_49.txt,35,5979000,true
TIER_5,Koenigsegg_RegeraRewardRecycled_2016,T5_4_128_44_43_41.txt,35,5979000,true
TIER_5,Koenigsegg_RegeraReward_2016,T5_5_135_36_50_49.txt,35,5979000,true
TIER_5,Lamborghini_AventadorLP7004_2011,T5_3_110_38_37_35.txt,35,5979000,true
TIER_5,Lamborghini_AventadorLP7504Superveloce_2015,T5_4_128_44_43_41.txt,35,5979000,true
TIER_5,Lamborghini_AventadorSJRewardRecycled_2021,T5_5_128_44_43_41.txt,35,5979000,true
TIER_5,Lamborghini_AventadorSJReward_2021,T5_5_135_36_50_49.txt,35,5979000,true
TIER_5,Lamborghini_AventadorSVJRewardRecycled_2019,T5_5_128_44_43_41.txt,35,5979000,true
TIER_5,Lamborghini_AventadorSVJReward_2019,T5_5_135_36_50_49.txt,35,5979000,true
TIER_5,Lamborghini_AventadorSVJRoadsterRewardRecycled_2020,T5_5_128_44_43_41.txt,35,5979000,true
TIER_5,Lamborghini_AventadorSVJRoadsterReward_2020,T5_5_135_36_50_49.txt,35,5979000,true
TIER_5,Lamborghini_AventadorSVJRoadster_2020,T5_5_128_44_43_41.txt,35,5979000,true
TIER_5,Lamborghini_CentenarioRoadsterAdPersonam_2017,T5_5_135_36_50_49.txt,35,5979000,true
TIER_5,Lamborghini_CentenarioRoadsterAndroid_2017,T5_5_135_36_50_49.txt,35,5979000,true
TIER_5,Lamborghini_CentenarioRoadsteriOS_2017,T5_5_135_36_50_49.txt,35,5979000,true
TIER_5,Lamborghini_Centenario_2017,T5_5_135_36_50_49.txt,35,5979000,true
TIER_5,Lamborghini_CountachLPI8004RewardRecycled_2022,T5_5_128_44_43_41.txt,35,5979000,true
TIER_5,Lamborghini_CountachLPI8004Reward_2022,T5_5_135_36_50_49.txt,35,5979000,true
TIER_5,Lamborghini_CountachLPI8004_2022,T5_5_135_36_50_49.txt,35,5979000,true
TIER_5,Lamborghini_EssenzaSCV12Monterey_2021,T5_5_135_36_50_49.txt,35,5979000,true
TIER_5,Lamborghini_EssenzaSCV12Nero_2021,T5_5_135_36_50_49.txt,35,5979000,true
TIER_5,Lamborghini_EssenzaSCV12_2021,T5_5_135_36_50_49.txt,35,5979000,true
TIER_5,Lamborghini_FewOff_2020,T5_5_135_36_50_49.txt,35,5979000,true
TIER_5,Lamborghini_HuracanEvoRewardRecycled_2019,T5_5_128_44_43_41.txt,35,5979000,true
TIER_5,Lamborghini_HuracanEvoReward_2019,T5_5_135_36_50_49.txt,35,5979000,true
TIER_5,Lamborghini_HuracanEvoSpyderRewardRecycled_2019,T5_5_128_44_43_41.txt,35,5979000,true
TIER_5,Lamborghini_HuracanEvoSpyderReward_2019,T5_5_135_36_50_49.txt,35,5979000,true
TIER_5,Lamborghini_HuracanGT3EVORacecar_2019,T5_5_135_36_50_49.txt,35,5979000,true
TIER_5,Lamborghini_HuracanLP6104RewardRecycled_2014,T5_5_128_44_43_41.txt,35,5979000,true
TIER_5,Lamborghini_HuracanLP6104Reward_2014,T5_5_135_36_50_49.txt,35,5979000,true
TIER_5,Lamborghini_HuracanLP6104_2014,T5_5_135_39_46_50.txt,35,5979000,true
TIER_5,Lamborghini_HuracanPerformanteRewardRecycled_2018,T5_5_128_44_43_41.txt,35,5979000,true
TIER_5,Lamborghini_HuracanPerformanteReward_2018,T5_5_135_36_50_49.txt,35,5979000,true
TIER_5,Lamborghini_HuracanPerformanteSpyder_2019,T5_5_128_44_43_41.txt,35,5979000,true
TIER_5,Lamborghini_HuracanSTOEVO_2021,T5_5_135_36_50_49.txt,35,5979000,true
TIER_5,Lamborghini_HuracanSTO_2021,T5_5_128_44_43_41.txt,35,5979000,true
TIER_5,Lamborghini_HuracanTecnicaRewardRecycled_2023,T5_5_128_44_43_41.txt,35,5979000,true
TIER_5,Lamborghini_HuracanTecnicaReward_2023,T5_5_135_36_50_49.txt,35,5979000,true
TIER_5,Lamborghini_IVRewardRecycled_2024,T5_5_128_44_43_41.txt,35,5979000,true
TIER_5,Lamborghini_IVReward_2024,T5_5_135_36_50_49.txt,35,5979000,true
TIER_5,Lamborghini_LBAventadorLP7004RewardGold_2011,T5_5_135_36_50_49.txt,35,5979000,true
TIER_5,Lamborghini_LBAventadorLP7004RewardRecycled_2011,T5_5_128_44_43_41.txt,35,5979000,true
TIER_5,Lamborghini_LBAventadorLP7004RewardVIP_2011,T5_5_135_36_50_49.txt,35,5979000,true
TIER_5,Lamborghini_LBAventadorLP7004Reward_2011,T5_5_135_36_50_49.txt,35,5979000,true
TIER_5,Lamborghini_LBMurcielagoSVRewardRecycled_2009,T5_5_128_44_43_41.txt,35,5979000,true
TIER_5,Lamborghini_LBMurcielagoSVReward_2009,T5_5_135_36_50_49.txt,35,5979000,true
TIER_5,Lamborghini_LBSilhouetteHuracanRewardRecycled_2014,T5_5_135_44_50_41.txt,35,5979000,true
TIER_5,Lamborghini_LBSilhouetteHuracanReward_2014,T5_5_135_36_50_49.txt,35,5979000,true
TIER_5,Lamborghini_MurcielagoLP640F8_2006,T5_5_135_36_50_49.txt,35,5979000,true
TIER_5,Lamborghini_MurcielagoSVRewardRecycled_2009,T5_4_128_44_43_41.txt,35,5979000,true
TIER_5,Lamborghini_MurcielagoSVReward_2009,T5_4_135_36_50_49.txt,35,5979000,true
TIER_5,Lamborghini_RevueltoRewardRecycled_2024,T5_5_128_44_43_41.txt,35,5979000,true
TIER_5,Lamborghini_RevueltoReward_2024,T5_5_135_36_50_49.txt,35,5979000,true
TIER_5,Lamborghini_SC18Alston_2019,T5_5_135_36_50_49.txt,35,5979000,true
TIER_5,Lamborghini_SC20_2020,T5_5_135_36_50_49.txt,35,5979000,true
TIER_5,Lamborghini_SestoElementoCrewRecycled_2012,T5_4_128_44_43_41.txt,35,5979000,true
TIER_5,Lamborghini_SestoElementoCrew_2012,T5_5_135_36_50_49.txt,35,5979000,true
TIER_5,Lamborghini_SianRoadster_2021,T5_5_135_36_50_49.txt,35,5979000,true
TIER_5,Lamborghini_TerzoMillennio_2017,T5_5_135_36_50_49.txt,35,5979000,true
TIER_5,Lamborghini_VenenoGold_2013,T5_5_128_44_43_41.txt,35,5979000,true
TIER_5,Lamborghini_VenenoRoadsterGold_2014,T5_5_128_44_43_41.txt,35,5979000,true
TIER_5,Lamborghini_VenenoRoadster_2014,T5_5_135_36_50_49.txt,35,5979000,true
TIER_5,Lamborghini_Veneno_2013,T5_5_135_36_50_49.txt,35,5979000,true
TIER_5,Lexus_LFAGold_2011,T5_5_128_44_43_41.txt,35,5979000,true
TIER_5,Lexus_LFANurburgringPackage_2011,T5_5_135_36_50_49.txt,35,5979000,true
TIER_5,Lexus_LFA_2011,T5_5_135_36_50_49.txt,35,5979000,true
TIER_5,Lotus_Evija_2020,T5_5_135_36_50_49.txt,35,5979000,true
TIER_5,Maserati_MC12BC_2004,T5_5_135_36_50_49.txt,35,5979000,true
TIER_5,Maserati_MC12CarbonBlue_2004,T5_5_135_36_50_49.txt,35,5979000,true
TIER_5,Maserati_MC12_2004,T5_5_135_36_50_49.txt,35,5979000,true
TIER_5,Maserati_MC20Coupe_2021,T5_5_135_36_50_49.txt,35,5979000,true
TIER_5,Maserati_MC20_2021,T5_5_128_44_43_41.txt,35,5979000,true
TIER_5,Mazda_Furai_2008,T5_5_135_36_50_49.txt,35,5979000,true
TIER_5,Mazda_LBSuperSilhouetteRX7_1993,T5_5_135_36_50_49.txt,35,5979000,true
TIER_5,Mazda_RX7F3_1993,T5_5_135_36_50_49.txt,35,5979000,true
TIER_5,Mazda_RX7TNR_1993,T5_5_150_39_57_54.txt,35,5979000,true
TIER_5,Mazzanti_EvantraMillecavalliGold_2019,T5_5_128_44_43_41.txt,35,5979000,true
TIER_5,Mazzanti_EvantraMillecavalli_2019,T5_5_135_36_50_49.txt,35,5979000,true
TIER_5,McLaren_570S_2016,T5_3_110_38_37_35.txt,35,5979000,true
TIER_5,McLaren_600LTRewardRecycled_2019,T5_5_128_44_43_41.txt,35,5979000,true
TIER_5,McLaren_600LTReward_2019,T5_5_135_36_50_49.txt,35,5979000,true
TIER_5,McLaren_600LTSpiderRewardRecycled_2020,T5_5_128_44_43_41.txt,35,5979000,true
TIER_5,McLaren_600LTSpiderReward_2020,T5_5_135_36_50_49.txt,35,5979000,true
TIER_5,McLaren_650S_2015,T5_3_110_38_37_35.txt,35,5979000,true
TIER_5,McLaren_675LTSpiderRewardRecycled_2016,T5_4_135_36_50_49.txt,35,5979000,true
TIER_5,McLaren_675LTSpiderReward_2016,T5_4_128_44_43_41.txt,35,5979000,true
TIER_5,McLaren_720SGT3X_2021,T5_5_135_36_50_49.txt,35,5979000,true
TIER_5,McLaren_720SGT3_2019,T5_5_135_36_50_49.txt,35,5979000,true
TIER_5,McLaren_720SSpiderRewardRecycled_2019,T5_5_128_44_43_41.txt,35,5979000,true
TIER_5,McLaren_720SSpiderReward_2019,T5_5_135_36_50_49.txt,35,5979000,true
TIER_5,McLaren_720STNR_2017,T5_5_150_39_57_54.txt,35,5979000,true
TIER_5,McLaren_765LTSpiderRewardRecycled_2021,T5_5_128_44_43_41.txt,35,5979000,true
TIER_5,McLaren_765LTSpiderReward_2021,T5_5_135_36_50_49.txt,35,5979000,true
TIER_5,McLaren_765LT_2021,T5_5_128_44_43_41.txt,35,5979000,true
TIER_5,McLaren_ArturaRewardRecycled_2022,T5_5_128_44_43_41.txt,35,5979000,true
TIER_5,McLaren_ArturaReward_2022,T5_5_135_36_50_49.txt,35,5979000,true
TIER_5,McLaren_ElvaGOSH_2021,T5_5_135_36_50_49.txt,35,5979000,true
TIER_5,McLaren_ElvaGold_2021,T5_5_128_44_43_41.txt,35,5979000,true
TIER_5,McLaren_ElvaMSO_2021,T5_5_135_36_50_49.txt,35,5979000,true
TIER_5,McLaren_Elva_2021,T5_5_135_36_50_49.txt,35,5979000,true
TIER_5,McLaren_F1LM_1995,T5_5_135_36_50_49.txt,35,5979000,true
TIER_5,McLaren_F1_1993,T5_5_150_37_60_53.txt,35,5979000,true
TIER_5,McLaren_GTRewardRecycled_2020,T5_5_128_44_43_41.txt,35,5979000,true
TIER_5,McLaren_GTReward_2020,T5_5_135_36_50_49.txt,35,5979000,true
TIER_5,McLaren_LB650SRewardGold_2015,T5_5_135_36_50_49.txt,35,5979000,true
TIER_5,McLaren_LB650SRewardRecycled_2015,T5_5_128_44_43_41.txt,35,5979000,true
TIER_5,McLaren_LB650SReward_2015,T5_5_135_36_50_49.txt,35,5979000,true
TIER_5,McLaren_P14CoupeRewardRecycled_2017,T5_5_128_44_43_41.txt,35,5979000,true
TIER_5,McLaren_P14CoupeReward_2017,T5_5_135_36_50_49.txt,35,5979000,true
TIER_5,McLaren_P14CoupeSH1_2017,T5_5_135_36_50_49.txt,35,5979000,true
TIER_5,McLaren_P1GTREvo_2015,T5_5_135_36_50_49.txt,35,5979000,true
TIER_5,McLaren_P1GTRRewardRecycled_2015,T5_5_128_44_43_41.txt,35,5979000,true
TIER_5,McLaren_P1GTRReward_2015,T5_5_135_36_50_49.txt,35,5979000,true
TIER_5,McLaren_P1_2014,T5_5_128_44_43_41.txt,35,5979000,true
TIER_5,McLaren_SLR722EditionCrew_2007,T5_5_135_36_50_49.txt,35,5979000,true
TIER_5,McLaren_SLR722EditionRewardRecycled_2006,T5_5_128_44_43_41.txt,35,5979000,true
TIER_5,McLaren_SLR722EditionReward_2006,T5_5_135_36_50_49.txt,35,5979000,true
TIER_5,McLaren_SLR722SRoadster_2009,T5_5_135_36_50_49.txt,35,5979000,true
TIER_5,McLaren_SennaCarbon_2018,T5_5_135_36_50_49.txt,35,5979000,true
TIER_5,McLaren_SennaGOSH_2018,T5_5_135_36_50_49.txt,35,5979000,true
TIER_5,McLaren_SennaGTRLM_2020,T5_5_135_36_50_49.txt,35,5979000,true
TIER_5,McLaren_SennaGTR_2020,T5_5_135_36_50_49.txt,35,5979000,true
TIER_5,McLaren_SennaLE_2018,T5_5_135_36_50_49.txt,35,5979000,true
TIER_5,McLaren_Senna_2018,T5_5_135_36_50_49.txt,35,5979000,true
TIER_5,McLaren_SolusGT_2023,T5_5_135_36_50_49.txt,35,5979000,true
TIER_5,McLaren_SpeedtailOrange_2019,T5_5_135_36_50_49.txt,35,5979000,true
TIER_5,McLaren_SpeedtailRedSEG_2019,T5_3_110_36_39_35.txt,35,5979000,true
TIER_5,McLaren_SpeedtailRed_2019,T5_5_135_36_50_49.txt,35,5979000,true
TIER_5,McLaren_Speedtail_2019,T5_5_135_36_50_49.txt,35,5979000,true
TIER_5,McLaren_Vorsteiner570VXRewardRecycled_2016,T5_4_128_44_43_41.txt,35,5979000,true
TIER_5,McLaren_Vorsteiner570VXReward_2016,T5_4_135_36_50_49.txt,35,5979000,true
TIER_5,McLaren_Vorsteiner720SRewardRecycled_2018,T5_5_128_44_43_41.txt,35,5979000,true
TIER_5,McLaren_Vorsteiner720SReward_2018,T5_5_135_36_50_49.txt,35,5979000,true
TIER_5,McMurtry_Speirling_2022,T5_5_135_36_50_49.txt,35,5979000,true
TIER_5,MercedesAMGF1_W11VB_2020,T5_5_135_36_50_49.txt,35,5979000,true
TIER_5,MercedesAMGF1_W11_2020,T5_5_135_36_50_49.txt,35,5979000,true
TIER_5,MercedesAMG_GT3_2020,T5_5_135_36_50_49.txt,35,5979000,true
TIER_5,MercedesAMG_GTBlackSeriesRewardRecycled_2020,T5_5_128_44_43_41.txt,35,5979000,true
TIER_5,MercedesAMG_GTBlackSeriesReward_2020,T5_5_135_36_50_49.txt,35,5979000,true
TIER_5,MercedesAMG_GTRRewardHalloween_2017,T5_4_135_36_50_49.txt,35,5979000,true
TIER_5,MercedesAMG_GTRRewardRecycled_2017,T5_4_128_44_43_41.txt,35,5979000,true
TIER_5,MercedesAMG_GTRReward_2017,T5_4_135_36_50_49.txt,35,5979000,true
TIER_5,MercedesAMG_S63CoupeRewardRecycled_2020,T5_5_128_44_43_41.txt,35,5979000,true
TIER_5,MercedesAMG_S63CoupeReward_2020,T5_5_135_36_50_49.txt,35,5979000,true
TIER_5,MercedesBenz_CLKGTR_1999,T5_5_135_36_50_49.txt,35,5979000,true
TIER_5,MercedesBenz_SL65AMGBlackSeries_2009,T5_5_128_44_43_41.txt,35,5979000,true
TIER_5,Nissan_240SXRocketBunnyBossRewardRecycled_1995,T5_5_128_44_43_41.txt,35,5979000,true
TIER_5,Nissan_240SXRocketBunnyBossReward_1995,T5_5_135_36_50_49.txt,35,5979000,true
TIER_5,Nissan_GTR50RewardRecycled_2020,T5_5_128_44_43_41.txt,35,5979000,true
TIER_5,Nissan_GTR50Reward_2020,T5_5_135_36_50_49.txt,35,5979000,true
TIER_5,Nissan_GTR50_2021,T5_5_135_36_50_49.txt,35,5979000,true
TIER_5,Nissan_GTRNISMORewardRecycled_2024,T5_5_128_44_43_41.txt,35,5979000,true
TIER_5,Nissan_GTRNISMOReward_2024,T5_5_135_36_50_49.txt,35,5979000,true
TIER_5,Nissan_GTRR35BensopraF6_2012,T5_5_135_36_50_49.txt,35,5979000,true
TIER_5,Nissan_GTRTNR_2017,T5_5_150_39_57_54.txt,35,5979000,true
TIER_5,Nissan_KRCJapanGTRR35RewardRecycled_2017,T5_5_128_44_43_41.txt,35,5979000,true
TIER_5,Nissan_KRCJapanGTRR35Reward_2017,T5_5_135_36_50_49.txt,35,5979000,true
TIER_5,Nissan_LBSuperSilhouetteSilviaS15_1999,T5_5_135_36_50_49.txt,35,5979000,true
TIER_5,Nissan_SilviaS14F1_1997,T5_5_135_36_50_49.txt,35,5979000,true
TIER_5,Nissan_SilviaS15F3_1999,T5_5_135_36_50_49.txt,35,5979000,true
TIER_5,Nissan_SilviaS15TNR_1999,T5_5_150_39_57_54.txt,35,5979000,true
TIER_5,Nissan_SkylineGTRF4_2002,T5_5_135_36_50_49.txt,35,5979000,true
TIER_5,Nissan_SkylineGTRR34F2_1999,T5_5_135_36_50_49.txt,35,5979000,true
TIER_5,Nissan_SkylineGTRR34TNR_2002,T5_5_150_39_57_54.txt,35,5979000,true
TIER_5,Noble_M500_2022,T5_5_135_36_50_49.txt,35,5979000,true
TIER_5,Noble_M600CarbonSport_2017,T5_5_135_36_50_49.txt,35,5979000,true
TIER_5,Noble_M600F9_2017,T5_5_135_36_50_49.txt,35,5979000,true
TIER_5,Noble_M600RewardRecycled_2017,T5_5_128_44_43_41.txt,35,5979000,true
TIER_5,Noble_M600Reward_2017,T5_5_135_36_50_49.txt,35,5979000,true
TIER_5,Noble_M600SpeedsterRewardRecycled_2018,T5_5_128_44_43_41.txt,35,5979000,true
TIER_5,Noble_M600SpeedsterReward_2018,T5_5_135_36_50_49.txt,35,5979000,true
TIER_5,Pagani_C10_2023,T5_5_135_36_50_49.txt,35,5979000,true
TIER_5,Pagani_HuayraBCRewardRecycled_2016,T5_5_128_44_43_41.txt,35,5979000,true
TIER_5,Pagani_HuayraBCReward_2016,T5_5_135_36_50_49.txt,35,5979000,true
TIER_5,Pagani_HuayraBCRoadsterLS_2019,T5_5_135_36_50_49.txt,35,5979000,true
TIER_5,Pagani_HuayraBCRoadsterPB_2019,T5_5_135_36_50_49.txt,35,5979000,true
TIER_5,Pagani_HuayraBCRoadster_2019,T5_5_128_44_43_41.txt,35,5979000,true
TIER_5,Pagani_HuayraElite_2014,T5_5_135_36_50_49.txt,35,5979000,true
TIER_5,Pagani_HuayraR_2021,T5_5_135_36_50_49.txt,35,5979000,true
TIER_5,Pagani_HuayraRoadsterRewardRecycled_2017,T5_4_128_44_43_41.txt,35,5979000,true
TIER_5,Pagani_HuayraRoadsterReward_2017,T5_5_135_36_50_49.txt,35,5979000,true
TIER_5,Pagani_Huayra_2014,T5_4_128_44_43_41.txt,35,5979000,true
TIER_5,Pagani_ImolaGold_2021,T5_5_135_36_50_49.txt,35,5979000,true
TIER_5,Pagani_Imola_2021,T5_5_135_36_50_49.txt,35,5979000,true
TIER_5,Pagani_ZondaBarchetta_2018,T5_5_135_36_50_49.txt,35,5979000,true
TIER_5,Pagani_ZondaCinqueCoupeRewardRecycled_2009,T5_5_128_44_43_41.txt,35,5979000,true
TIER_5,Pagani_ZondaCinqueCoupeReward_2009,T5_5_135_36_50_49.txt,35,5979000,true
TIER_5,Pagani_ZondaCinqueCoupe_2009,T5_5_135_36_50_49.txt,35,5979000,true
TIER_5,Pagani_ZondaCinqueRoadsterRewardRecycled_2010,T5_5_128_44_43_41.txt,35,5979000,true
TIER_5,Pagani_ZondaCinqueRoadsterReward_2010,T5_5_135_36_50_49.txt,35,5979000,true
TIER_5,Pagani_ZondaCinqueRoadster_2010,T5_5_135_36_50_49.txt,35,5979000,true
TIER_5,Pagani_ZondaREvoBarchetta_2021,T5_5_135_36_50_49.txt,35,5979000,true
TIER_5,Pagani_ZondaRevolucion_2013,T5_5_135_36_50_49.txt,35,5979000,true
TIER_5,Pininfarina_BattistaRewardRecycled_2022,T5_5_135_36_50_49.txt,35,5979000,true
TIER_5,Pininfarina_BattistaReward_2022,T5_5_135_36_50_49.txt,35,5979000,true
TIER_5,Pininfarina_Battista_2020,T5_5_135_36_50_49.txt,35,5979000,true
TIER_5,Plymouth_FormulaSBarracudaElite_1968,T5_5_135_36_50_49.txt,35,5979000,true
TIER_5,Plymouth_FormulaSBarracuda_1968,T5_5_128_44_43_41.txt,35,5979000,true
TIER_5,Plymouth_RoadRunnerGTXF8_1971,T5_5_135_36_50_49.txt,35,5979000,true
TIER_5,Plymouth_WeaverCustomsCudaTorcReward4thJuly_2016,T5_5_135_36_50_49.txt,35,5979000,true
TIER_5,Plymouth_WeaverCustomsCudaTorcRewardRecycled_2016,T5_5_128_44_43_41.txt,35,5979000,true
TIER_5,Plymouth_WeaverCustomsCudaTorcReward_2016,T5_5_135_36_50_49.txt,35,5979000,true
TIER_5,Pontiac_FieroF9_1986,T5_5_135_36_50_49.txt,35,5979000,true
TIER_5,Pontiac_RyansFirebirdTransAm_1978,T5_5_135_36_50_49.txt,35,5979000,true
TIER_5,Porsche_718CaymanGT4RS_2022,T5_5_128_44_43_41.txt,35,5979000,true
TIER_5,Porsche_718SpyderRSRewardRecycled_2024,T5_5_128_44_43_41.txt,35,5979000,true
TIER_5,Porsche_718SpyderRSReward_2024,T5_5_135_36_50_49.txt,35,5979000,true
TIER_5,Porsche_911GT2RSClubSportSalzburg_2019,T5_5_128_44_43_41.txt,35,5979000,true
TIER_5,Porsche_911GT2RSClubSport_2019,T5_5_135_36_50_49.txt,35,5979000,true
TIER_5,Porsche_911GT2RSGold_2017,T5_5_128_44_43_41.txt,35,5979000,true
TIER_5,Porsche_911GT2RSVIP_2017,T5_5_135_36_50_49.txt,35,5979000,true
TIER_5,Porsche_911GT2RS_2017,T5_5_135_36_50_49.txt,35,5979000,true
TIER_5,Porsche_911GT3RS992Tribute_2023,T5_5_135_36_50_49.txt,35,5979000,true
TIER_5,Porsche_911GT3RS992_2023,T5_5_128_44_43_41.txt,35,5979000,true
TIER_5,Porsche_911GT3RSCrewRecycled_2016,T5_4_128_44_43_41.txt,35,5979000,true
TIER_5,Porsche_911GT3RSCrew_2016,T5_5_135_36_50_49.txt,35,5979000,true
TIER_5,Porsche_911GT3RSRewardRecycled_2018,T5_4_128_44_43_41.txt,35,5979000,true
TIER_5,Porsche_911GT3RSReward_2018,T5_4_135_36_50_49.txt,35,5979000,true
TIER_5,Porsche_911GT3RewardRecycled_2018,T5_4_128_44_43_41.txt,35,5979000,true
TIER_5,Porsche_911GT3Reward_2018,T5_4_135_36_50_49.txt,35,5979000,true
TIER_5,Porsche_911GT3TouringRewardRecycled_2022,T5_5_128_44_43_41.txt,35,5979000,true
TIER_5,Porsche_911GT3TouringReward_2022,T5_4_135_36_50_49.txt,35,5979000,true
TIER_5,Porsche_911GT3_2022,T5_5_135_36_50_49.txt,35,5979000,true
TIER_5,Porsche_911RRewardRecycled_2017,T5_5_135_44_50_41.txt,35,5979000,true
TIER_5,Porsche_911RReward_2017,T5_4_135_36_50_49.txt,35,5979000,true
TIER_5,Porsche_911SpeedsterRewardRecycled_2020,T5_5_128_44_43_41.txt,35,5979000,true
TIER_5,Porsche_911SpeedsterReward_2020,T5_5_135_36_50_49.txt,35,5979000,true
TIER_5,Porsche_911TurboSRewardRecycled_2016,T5_4_128_44_43_41.txt,35,5979000,true
TIER_5,Porsche_911TurboSRewardRecycled_2021,T5_4_128_44_43_41.txt,35,5979000,true
TIER_5,Porsche_911TurboSReward_2016,T5_4_135_36_50_49.txt,35,5979000,true
TIER_5,Porsche_911TurboSReward_2021,T5_4_135_36_50_49.txt,35,5979000,true
TIER_5,Porsche_912Hoonipigasus_1966,T5_5_135_36_50_49.txt,35,5979000,true
TIER_5,Porsche_918SpyderGold_2015,T5_5_128_44_43_41.txt,35,5979000,true
TIER_5,Porsche_918SpyderMartini_2015,T5_5_135_36_50_49.txt,35,5979000,true
TIER_5,Porsche_918SpyderRewardRecycled_2015,T5_5_128_44_43_41.txt,35,5979000,true
TIER_5,Porsche_918SpyderReward_2015,T5_5_135_36_50_49.txt,35,5979000,true
TIER_5,Porsche_935Salzburg_2019,T5_5_135_36_50_49.txt,35,5979000,true
TIER_5,Porsche_935_2019,T5_5_135_36_50_49.txt,35,5979000,true
TIER_5,Porsche_Canepa959_1988,T5_5_135_36_50_49.txt,35,5979000,true
TIER_5,Porsche_CarreraGTClassic_2003,T5_5_135_37_46_52.txt,35,5979000,true
TIER_5,Porsche_DD911GTRSRRewardRecycled_2017,T5_5_128_44_43_41.txt,35,5979000,true
TIER_5,Porsche_DD911GTRSRReward_2017,T5_5_135_36_50_49.txt,35,5979000,true
TIER_5,Porsche_MissionRConcept_2021,T5_5_135_36_50_49.txt,35,5979000,true
TIER_5,Porsche_RWB911Turbo_1991,T5_5_135_36_50_49.txt,35,5979000,true
TIER_5,Porsche_RWB993Evo_1993,T5_5_135_36_50_49.txt,35,5979000,true
TIER_5,Porsche_RWB993RewardRecycled_1993,T5_5_128_44_43_41.txt,35,5979000,true
TIER_5,Porsche_RWB993Reward_1993,T5_5_135_36_50_49.txt,35,5979000,true
TIER_5,Porsche_RWB993Rotana_1993,T5_5_135_36_50_49.txt,35,5979000,true
TIER_5,Porsche_TaycanTurboSCrossTurismo_2022,T5_5_135_36_50_49.txt,35,5979000,true
TIER_5,Porsche_TaycanTurboSPride_2021,T5_5_135_36_50_49.txt,35,5979000,true
TIER_5,Porsche_TaycanTurboSRewardRecycled_2021,T5_5_128_44_43_41.txt,35,5979000,true
TIER_5,Porsche_TaycanTurboSReward_2021,T5_5_135_36_50_49.txt,35,5979000,true
TIER_5,Rimac_Nevera_2021,T5_5_135_36_50_49.txt,35,5979000,true
TIER_5,SCG_004CS_2020,T5_5_135_36_50_49.txt,35,5979000,true
TIER_5,SCG_007_2021,T5_5_135_36_50_49.txt,35,5979000,true
TIER_5,SCG_SCG003SCarbon_2017,T5_5_135_36_50_49.txt,35,5979000,true
TIER_5,SCG_SCG003S_2017,T5_5_135_36_50_49.txt,35,5979000,true
TIER_5,SCG_SCG004CRewardRecycled_2019,T5_4_128_44_43_41.txt,35,5979000,true
TIER_5,SCG_SCG004CReward_2019,T5_5_135_36_50_49.txt,35,5979000,true
TIER_5,SSC_TuataraGold_2019,T5_5_135_36_50_49.txt,35,5979000,true
TIER_5,SSC_TuataraSilver_2019,T5_5_128_44_43_41.txt,35,5979000,true
TIER_5,SSC_TuataraStriker_2022,T5_5_135_36_50_49.txt,35,5979000,true
TIER_5,SSC_TuataraWRE_2020,T5_5_135_36_50_49.txt,35,5979000,true
TIER_5,SSC_Tuatara_2019,T5_5_135_36_50_49.txt,35,5979000,true
TIER_5,Saleen_S1RewardRecycled_2018,T5_4_128_44_43_41.txt,35,5979000,true
TIER_5,Saleen_S1Reward_2018,T5_4_135_36_50_49.txt,35,5979000,true
TIER_5,Saleen_S7Classic_2004,T5_5_135_37_46_52.txt,35,5979000,true
TIER_5,Shelby_SuperSnakeRewardRecycled_2019,T5_5_128_44_43_41.txt,35,5979000,true
TIER_5,Shelby_SuperSnakeReward_2019,T5_5_135_36_50_49.txt,35,5979000,true
TIER_5,Spyker_C8PreliatorRewardRecycled_2017,T5_5_128_44_43_41.txt,35,5979000,true
TIER_5,Spyker_C8PreliatorReward_2017,T5_5_135_36_50_49.txt,35,5979000,true
TIER_5,Spyker_C8PreliatorSpyder_2017,T5_5_135_36_50_49.txt,35,5979000,true
TIER_5,Subaru_BRZtSTNR_2020,T5_5_150_39_57_54.txt,35,5979000,true
TIER_5,Subaru_WRXSTIF8_2018,T5_5_135_36_50_49.txt,35,5979000,true
TIER_5,Subaru_WRXSTIGobstopperII_2015,T5_5_135_36_50_49.txt,35,5979000,true
TIER_5,Toyota_CamryNASCAR_2022,T5_5_135_36_50_49.txt,35,5979000,true
TIER_5,Toyota_GRSupraF9_2020,T5_5_135_36_50_49.txt,35,5979000,true
TIER_5,Toyota_GRSupraTNR_2020,T5_5_150_39_57_54.txt,35,5979000,true
TIER_5,Toyota_LBGRSupraRewardRecycled_2020,T5_5_128_44_43_41.txt,35,5979000,true
TIER_5,Toyota_LBGRSupraReward_2020,T5_5_135_36_50_49.txt,35,5979000,true
TIER_5,Toyota_PandeMGRSupraV15_2020,T5_5_135_36_50_49.txt,35,5979000,true
TIER_5,Toyota_PandeMGRSupraV1_2020,T5_5_135_36_50_49.txt,35,5979000,true
TIER_5,Toyota_SupraMK4TNR_1994,T5_5_150_39_57_54.txt,35,5979000,true
TIER_5,Toyota_SupraMKIVF1_1994,T5_5_135_36_50_49.txt,35,5979000,true
TIER_5,Toyota_SupraMKIVVaris_1994,T5_5_135_36_50_49.txt,35,5979000,true
TIER_5,Ultima_EVOCoupeRewardRecycled_2016,T5_5_128_44_43_41.txt,35,5979000,true
TIER_5,Ultima_EVOCoupeReward_2016,T5_5_135_36_50_49.txt,35,5979000,true
TIER_5,Ultima_EVOCoupeSupercharged_2016,T5_5_135_36_50_49.txt,35,5979000,true
TIER_5,Ultima_RSGold_2020,T5_5_128_44_43_41.txt,35,5979000,true
TIER_5,Ultima_RS_2020,T5_5_135_36_50_49.txt,35,5979000,true
TIER_5,VUHL_05RRRewardRecycled_2019,T5_5_128_44_43_41.txt,35,5979000,true
TIER_5,VUHL_05RRReward_2019,T5_5_135_36_50_49.txt,35,5979000,true
TIER_5,Volkswagen_IDR_2019,T5_5_135_36_50_49.txt,35,5979000,true
TIER_5,WMotors_FenyrSupersportRewardRecycled_2016,T5_5_128_44_43_41.txt,35,5979000,true
TIER_5,WMotors_FenyrSupersportReward_2016,T5_5_135_36_50_49.txt,35,5979000,true
TIER_5,WMotors_LykanHyperSportRewardRecycled_2015,T5_4_128_44_43_41.txt,35,5979000,true
TIER_5,WMotors_LykanHyperSportReward_2015,T5_4_135_36_50_49.txt,35,5979000,true
TIER_5,Zenvo_TS1GTRewardRecycled_2018,T5_5_128_44_43_41.txt,35,5979000,true
TIER_5,Zenvo_TS1GTReward_2018,T5_5_135_36_50_49.txt,35,5979000,true
TIER_5,Zenvo_TS1GT_2018,T5_5_135_36_50_49.txt,35,5979000,true
TIER_5,Zenvo_TSRSGold_2020,T5_5_135_36_50_49.txt,35,5979000,true
TIER_5,Zenvo_TSRS_2019,T5_5_135_36_50_49.txt,35,5979000,true
TIER_5,Zenvo_TSRS_2020,T5_5_135_36_50_49.txt,35,5979000,true